log file,instance id,domain class,search algorithm,plan length,vanilla repair length,vanilla repair,goal reached,iteration,num nodes generated,h_max,sum h cost,sum f cost,sum h cost time,sum grounding time,search time,search g cost,search repair set,repair length comparison,repair string comparison,error message,error group,lift_prob,grounding method
exp_logs_anu/bfs relax-prec lp1/miconic__ps1-1-err-rate-0-1.yaml,miconic__ps1-1-err-rate-0-1,miconic,bfs,3,1,"board,(boarded ?p),effPos,1",True,4,4,,0,1,0.0,0.05,1.17,1.0,"board,(boarded ?p),effPos,1",equal,True,,,1.0,
exp_logs_anu/bfs relax-prec lp1/miconic__ps2-3-err-rate-0-3.yaml,miconic__ps2-3-err-rate-0-3,miconic,bfs,7,1,"depart,(boarded ?p),precPos,-1",True,13,15,,0,5,0.0,0.16,1.30,1.0,"depart,(boarded ?p),precPos,-1",equal,True,,,1.0,
exp_logs_anu/bfs relax-prec lp1/miconic__ps2-0-err-rate-0-5.yaml,miconic__ps2-0-err-rate-0-5,miconic,bfs,8,2,"depart,(served ?p),effPos,1
depart,(boarded ?p),precPos,-1",True,15,15,,0,6,0.0,0.18,1.33,2.0,"depart,(served ?p),effPos,1
depart,(boarded ?p),precPos,-1",equal,True,,,1.0,
exp_logs_anu/bfs relax-prec lp1/mprime__pprob29-err-rate-0-5.yaml,mprime__pprob29-err-rate-0-5,mprime,bfs,4,0,,True,104,108,,0,0,0.0,3.56,5.21,0.0,,equal,,,,1.0,
exp_logs_anu/bfs relax-prec lp1/zenotravel__pp06-err-rate-0-1.yaml,zenotravel__pp06-err-rate-0-1,zenotravel,bfs,12,0,,False,,,,,,,,,,,,,Subprocess timed out after 900 seconds.,time,1.0,
exp_logs_anu/bfs relax-prec lp1/blocks__pprobBLOCKS-4-2-err-rate-0-5.yaml,blocks__pprobBLOCKS-4-2-err-rate-0-5,blocks,bfs,6,1,"unstack,(clear ?y),precPos,-1",False,1,,,,,,,1.34,,,,,,,1.0,
exp_logs_anu/bfs relax-prec lp1/blocks__pprobBLOCKS-4-1-err-rate-0-3.yaml,blocks__pprobBLOCKS-4-1-err-rate-0-3,blocks,bfs,10,0,,True,30,37,,0,6,0.0,0.25,1.43,0.0,,equal,,,,1.0,
exp_logs_anu/bfs relax-prec lp1/mystery__pprob27-err-rate-0-5.yaml,mystery__pprob27-err-rate-0-5,mystery,bfs,5,2,"feast,(equality-op ?n1 ?l1),precPos,-1
overcome,(attacks ?v ?c),precPos,-1",False,1,,,,,,,1.43,,,,,,,1.0,
exp_logs_anu/bfs relax-prec lp1/scanalyzer-08-strips__pp24-err-rate-0-1.yaml,scanalyzer-08-strips__pp24-err-rate-0-1,scanalyzer-08-strips,bfs,5,1,"analyze-4,(on ?c2 ?s1),effPos,1",False,2,,,,,,,1.17,,,,,,,1.0,
exp_logs_anu/bfs relax-prec lp1/tpp__pp04-err-rate-0-5.yaml,tpp__pp04-err-rate-0-5,tpp,bfs,14,0,,True,15,27,,0,0,0.0,0.27,1.48,0.0,,equal,,,,1.0,
exp_logs_anu/bfs relax-prec lp1/mprime__pprob16-err-rate-0-5.yaml,mprime__pprob16-err-rate-0-5,mprime,bfs,7,0,,False,,,,,,,,,,,,,Subprocess timed out after 900 seconds.,time,1.0,
exp_logs_anu/bfs relax-prec lp1/freecell__pprobfreecell-3-4-err-rate-0-5.yaml,freecell__pprobfreecell-3-4-err-rate-0-5,freecell,bfs,12,2,"sendtohome,(home ?card),effPos,1
sendtohome-b,(home ?card),effPos,1",True,42,71,,0,92,0.0,1.35,2.90,2.0,"sendtohome,(home ?card),effPos,1
sendtohome-b,(home ?card),effPos,1",equal,True,,,1.0,
exp_logs_anu/bfs relax-prec lp1/mprime__pprob15-err-rate-0-3.yaml,mprime__pprob15-err-rate-0-3,mprime,bfs,6,0,,False,,,,,,,,,,,,,Subprocess timed out after 900 seconds.,time,1.0,
exp_logs_anu/bfs relax-prec lp1/scanalyzer-sat11-strips__pp18-err-rate-0-5.yaml,scanalyzer-sat11-strips__pp18-err-rate-0-5,scanalyzer-sat11-strips,bfs,15,0,,False,,,,,,,,,,,,,Subprocess timed out after 900 seconds.,time,1.0,
exp_logs_anu/bfs relax-prec lp1/mprime__pprob03-err-rate-0-5.yaml,mprime__pprob03-err-rate-0-5,mprime,bfs,6,1,"overcome,(harmony ?v ?s1),effPos,1",False,,,,,,,,,,,,,Subprocess timed out after 900 seconds.,time,1.0,
exp_logs_anu/bfs relax-prec lp1/driverlog__pp03-err-rate-0-1.yaml,driverlog__pp03-err-rate-0-1,driverlog,bfs,13,1,"walk,(driver ?loc-to),precPos,-1",False,4,,,,,,,1.28,,,,,,,1.0,
exp_logs_anu/bfs relax-prec lp1/rovers__pp01-err-rate-0-1.yaml,rovers__pp01-err-rate-0-1,rovers,bfs,10,1,"navigate,(have_soil_analysis ?x ?z),effPos,1",True,70,72,,0,15,0.0,1.92,3.40,1.0,"navigate,(have_soil_analysis ?x ?z),effPos,1",equal,True,,,1.0,
exp_logs_anu/bfs relax-prec lp1/hiking-agl14-strips__ptesting-4-5-3-err-rate-0-1.yaml,hiking-agl14-strips__ptesting-4-5-3-err-rate-0-1,hiking-agl14-strips,bfs,14,0,,True,217,512,,0,0,0.0,5.24,8.00,0.0,,equal,,,,1.0,
exp_logs_anu/bfs relax-prec lp1/mprime__pprob22-err-rate-0-5.yaml,mprime__pprob22-err-rate-0-5,mprime,bfs,13,0,,False,,,,,,,,,,,,,Subprocess timed out after 900 seconds.,time,1.0,
exp_logs_anu/bfs relax-prec lp1/mprime__pprob21-err-rate-0-3.yaml,mprime__pprob21-err-rate-0-3,mprime,bfs,7,0,,False,,,,,,,,,,,,,Subprocess timed out after 900 seconds.,time,1.0,
exp_logs_anu/bfs relax-prec lp1/grid__pprob01-err-rate-0-5.yaml,grid__pprob01-err-rate-0-5,grid,bfs,14,1,"pickup,(key ?key),effPos,1",False,191,,,,,,,42.64,,,,,,,1.0,
exp_logs_anu/bfs relax-prec lp1/hiking-opt14-strips__pptesting-2-4-3-err-rate-0-5.yaml,hiking-opt14-strips__pptesting-2-4-3-err-rate-0-5,hiking-opt14-strips,bfs,10,0,,True,46,163,,0,0,0.0,0.79,2.38,0.0,,equal,,,,1.0,
exp_logs_anu/bfs relax-prec lp1/mprime__pprob34-err-rate-0-3.yaml,mprime__pprob34-err-rate-0-3,mprime,bfs,4,1,"feast,(orbits ?v ?n1),precPos,-1",False,14,,,,,,,1.81,,,,,,,1.0,
exp_logs_anu/bfs relax-prec lp1/miconic__ps3-4-err-rate-0-1.yaml,miconic__ps3-4-err-rate-0-1,miconic,bfs,11,1,"board,(served ?p),effPos,1",True,65,66,,0,2,0.0,1.01,2.28,1.0,"board,(served ?p),effPos,1",equal,True,,,1.0,
exp_logs_anu/bfs relax-prec lp1/mprime__pprob08-err-rate-0-5.yaml,mprime__pprob08-err-rate-0-5,mprime,bfs,7,1,"overcome,(attacks ?v ?v),precPos,-1",False,13,,,,,,,1.79,,,,,,,1.0,
exp_logs_anu/bfs relax-prec lp1/transport-opt08-strips__pp22-err-rate-0-1.yaml,transport-opt08-strips__pp22-err-rate-0-1,transport-opt08-strips,bfs,12,1,"drop,(at ?p ?l),effPos,1",True,2998,2998,,0,1,0.0,55.59,65.69,1.0,"drop,(at ?p ?l),effPos,1",equal,True,,,1.0,
exp_logs_anu/bfs relax-prec lp1/mystery__pprob10-err-rate-0-3.yaml,mystery__pprob10-err-rate-0-3,mystery,bfs,8,1,"overcome,(fears ?c ?v),effPos,1",False,,,,,,,,,,,,,Subprocess timed out after 900 seconds.,time,1.0,
exp_logs_anu/bfs relax-prec lp1/tpp__pp04-err-rate-0-1.yaml,tpp__pp04-err-rate-0-1,tpp,bfs,14,0,,True,15,27,,0,0,0.0,0.26,1.46,0.0,,equal,,,,1.0,
exp_logs_anu/bfs relax-prec lp1/mprime__pprob16-err-rate-0-1.yaml,mprime__pprob16-err-rate-0-1,mprime,bfs,7,0,,False,,,,,,,,,,,,,Subprocess timed out after 900 seconds.,time,1.0,
exp_logs_anu/bfs relax-prec lp1/freecell__pprobfreecell-3-4-err-rate-0-1.yaml,freecell__pprobfreecell-3-4-err-rate-0-1,freecell,bfs,12,0,,True,13,23,,0,0,0.0,0.45,3.38,0.0,,equal,,,,1.0,
exp_logs_anu/bfs relax-prec lp1/scanalyzer-sat11-strips__pp18-err-rate-0-1.yaml,scanalyzer-sat11-strips__pp18-err-rate-0-1,scanalyzer-sat11-strips,bfs,15,0,,False,,,,,,,,,,,,,Subprocess timed out after 900 seconds.,time,1.0,
exp_logs_anu/bfs relax-prec lp1/driverlog__pp03-err-rate-0-5.yaml,driverlog__pp03-err-rate-0-5,driverlog,bfs,13,1,"board-truck,(path ?truck ?truck),precPos,-1",False,1,,,,,,,1.19,,,,,,,1.0,
exp_logs_anu/bfs relax-prec lp1/mprime__pprob03-err-rate-0-1.yaml,mprime__pprob03-err-rate-0-1,mprime,bfs,6,1,"feast,(planet ?n2),effPos,1",False,,,,,,,,,,,,,Subprocess timed out after 900 seconds.,time,1.0,
exp_logs_anu/bfs relax-prec lp1/miconic__ps2-0-err-rate-0-1.yaml,miconic__ps2-0-err-rate-0-1,miconic,bfs,8,1,"board,(passenger ?f),precPos,-1",False,4,,,,,,,1.29,,,,,,,1.0,
exp_logs_anu/bfs relax-prec lp1/miconic__ps1-2-err-rate-0-3.yaml,miconic__ps1-2-err-rate-0-3,miconic,bfs,4,2,"depart,(served ?p),effPos,1
up,(not (lift-at ?f1)),effNeg,-1",True,5,5,,0,2,0.0,0.06,1.17,2.0,"depart,(served ?p),effPos,1
up,(not (lift-at ?f1)),effNeg,-1",equal,True,,,1.0,
exp_logs_anu/bfs relax-prec lp1/miconic__ps1-1-err-rate-0-5.yaml,miconic__ps1-1-err-rate-0-5,miconic,bfs,3,1,"depart,(boarded ?p),precPos,-1",True,4,4,,0,1,0.0,0.05,1.21,1.0,"depart,(boarded ?p),precPos,-1",equal,True,,,1.0,
exp_logs_anu/bfs relax-prec lp1/zenotravel__pp05-err-rate-0-3.yaml,zenotravel__pp05-err-rate-0-3,zenotravel,bfs,12,1,"board,(in ?p ?a),effPos,1",True,17325,17567,,0,17516,0.0,343.78,550.52,1.0,"board,(in ?p ?a),effPos,1",equal,True,,,1.0,
exp_logs_anu/bfs relax-prec lp1/zenotravel__pp06-err-rate-0-5.yaml,zenotravel__pp06-err-rate-0-5,zenotravel,bfs,12,2,"fly,(fuel-level ?c1 ?c1),precPos,-1
debark,(in ?p ?c),precPos,-1",False,1,,,,,,,1.37,,,,,,,1.0,
exp_logs_anu/bfs relax-prec lp1/mprime__pprob29-err-rate-0-1.yaml,mprime__pprob29-err-rate-0-1,mprime,bfs,4,0,,True,29,32,,0,0,0.0,0.96,2.25,0.0,,equal,,,,1.0,
exp_logs_anu/bfs relax-prec lp1/scanalyzer-08-strips__pp24-err-rate-0-5.yaml,scanalyzer-08-strips__pp24-err-rate-0-5,scanalyzer-08-strips,bfs,5,1,"analyze-4,(on ?c2 ?s1),effPos,1",False,2,,,,,,,1.24,,,,,,,1.0,
exp_logs_anu/bfs relax-prec lp1/mystery__pprob27-err-rate-0-1.yaml,mystery__pprob27-err-rate-0-1,mystery,bfs,5,1,"feast,(fears ?n2 ?n1),precPos,-1",False,10,,,,,,,1.67,,,,,,,1.0,
exp_logs_anu/bfs relax-prec lp1/blocks__pprobBLOCKS-4-2-err-rate-0-1.yaml,blocks__pprobBLOCKS-4-2-err-rate-0-1,blocks,bfs,6,0,,True,17,19,,0,0,0.0,0.15,1.29,0.0,,equal,,,,1.0,
exp_logs_anu/bfs relax-prec lp1/mprime__pprob08-err-rate-0-1.yaml,mprime__pprob08-err-rate-0-1,mprime,bfs,7,0,,True,10028,10186,,0,0,0.0,559.8,636.55,0.0,,equal,,,,1.0,
exp_logs_anu/bfs relax-prec lp1/pegsol-08-strips__pp03-err-rate-0-3.yaml,pegsol-08-strips__pp03-err-rate-0-3,pegsol-08-strips,bfs,10,1,"jump-continue-move,(free ?over),precPos,-1",False,,,,,,,,,,,,,Subprocess timed out after 900 seconds.,time,1.0,
exp_logs_anu/bfs relax-prec lp1/freecell__pprobfreecell-2-3-err-rate-0-3.yaml,freecell__pprobfreecell-2-3-err-rate-0-3,freecell,bfs,8,0,,True,9,11,,0,0,0.0,0.24,1.43,0.0,,equal,,,,1.0,
exp_logs_anu/bfs relax-prec lp1/transport-opt08-strips__pp22-err-rate-0-5.yaml,transport-opt08-strips__pp22-err-rate-0-5,transport-opt08-strips,bfs,12,2,"drop,(in ?p ?v),precPos,-1
drop,(capacity ?v ?s2),effPos,1",False,,,,,,,,,,,,,Subprocess timed out after 900 seconds.,time,1.0,
exp_logs_anu/bfs relax-prec lp1/transport-opt08-strips__pp21-err-rate-0-3.yaml,transport-opt08-strips__pp21-err-rate-0-3,transport-opt08-strips,bfs,8,1,"pick-up,(capacity ?v ?s2),effPos,1",True,12,26,,0,0,0.0,0.21,1.44,0.0,,shorter,,,,1.0,
exp_logs_anu/bfs relax-prec lp1/rovers__pp02-err-rate-0-3.yaml,rovers__pp02-err-rate-0-3,rovers,bfs,8,1,"communicate_soil_data,(available ?r),precPos,-1",True,52,52,,0,1,0.0,1.46,2.96,1.0,"communicate_soil_data,(available ?r),precPos,-1",equal,True,,,1.0,
exp_logs_anu/bfs relax-prec lp1/rovers__pp01-err-rate-0-5.yaml,rovers__pp01-err-rate-0-5,rovers,bfs,10,5,"communicate_image_data,(have_image ?r ?o ?m),precPos,-1
sample_rock,(not (empty ?s)),effNeg,-1
navigate,(have_soil_analysis ?x ?z),effPos,1
sample_rock,(full ?s),effPos,1
navigate,(communicated_soil_data ?z),effPos,1",True,391,444,,0,900,0.0,11.12,15.38,5.0,"communicate_image_data,(have_image ?r ?o ?m),precPos,-1
sample_rock,(not (empty ?s)),effNeg,-1
navigate,(have_soil_analysis ?x ?z),effPos,1
sample_rock,(full ?s),effPos,1
navigate,(communicated_soil_data ?z),effPos,1",equal,True,,,1.0,
exp_logs_anu/bfs relax-prec lp1/mprime__pprob22-err-rate-0-1.yaml,mprime__pprob22-err-rate-0-1,mprime,bfs,13,0,,False,,,,,,,,,,,,,Subprocess timed out after 900 seconds.,time,1.0,
exp_logs_anu/bfs relax-prec lp1/hiking-agl14-strips__ptesting-4-5-3-err-rate-0-5.yaml,hiking-agl14-strips__ptesting-4-5-3-err-rate-0-5,hiking-agl14-strips,bfs,14,0,,True,94,379,,0,0,0.0,2.19,4.39,0.0,,equal,,,,1.0,
exp_logs_anu/bfs relax-prec lp1/grid__pprob01-err-rate-0-1.yaml,grid__pprob01-err-rate-0-1,grid,bfs,14,0,,True,60,75,,0,0,0.0,10.72,12.30,0.0,,equal,,,,1.0,
exp_logs_anu/bfs relax-prec lp1/miconic__ps3-4-err-rate-0-5.yaml,miconic__ps3-4-err-rate-0-5,miconic,bfs,11,0,,True,28,37,,0,0,0.0,0.46,1.65,0.0,,equal,,,,1.0,
exp_logs_anu/bfs relax-prec lp1/hiking-opt14-strips__pptesting-2-4-3-err-rate-0-1.yaml,hiking-opt14-strips__pptesting-2-4-3-err-rate-0-1,hiking-opt14-strips,bfs,10,0,,True,38,163,,0,0,0.0,0.64,2.11,0.0,,equal,,,,1.0,
exp_logs_anu/bfs relax-prec lp1/blocks__pprobBLOCKS-6-1-err-rate-0-1.yaml,blocks__pprobBLOCKS-6-1-err-rate-0-1,blocks,bfs,10,0,,True,1293,1298,,0,0,0.0,12.28,15.73,0.0,,equal,,,,1.0,
exp_logs_anu/bfs relax-prec lp1/zenotravel__pp08-err-rate-0-3.yaml,zenotravel__pp08-err-rate-0-3,zenotravel,bfs,15,0,,False,,,,,,,,,,,,,Subprocess timed out after 900 seconds.,time,1.0,
exp_logs_anu/bfs relax-prec lp1/blocks__pprobBLOCKS-5-0-err-rate-0-5.yaml,blocks__pprobBLOCKS-5-0-err-rate-0-5,blocks,bfs,12,2,"unstack,(clear ?y),effPos,1
pick-up,(holding ?x),effPos,1",True,260,659,,0,1227,0.0,2.47,5.42,2.0,"stack,(holding ?x),precPos,-1
stack,(clear ?y),precPos,-1",equal,False,,,1.0,
exp_logs_anu/bfs relax-prec lp1/mprime__pprob24-err-rate-0-1.yaml,mprime__pprob24-err-rate-0-1,mprime,bfs,13,0,,False,,,,,,,,,,,,,Subprocess timed out after 900 seconds.,time,1.0,
exp_logs_anu/bfs relax-prec lp1/rovers__pp04-err-rate-0-3.yaml,rovers__pp04-err-rate-0-3,rovers,bfs,8,1,"calibrate,(calibrated ?i ?r),effPos,1",True,30,78,,0,69,0.0,0.93,2.33,1.0,"take_image,(calibrated ?i ?r),precPos,-1",equal,False,,,1.0,
exp_logs_anu/bfs relax-prec lp1/tetris-opt14-strips__pp02-4-err-rate-0-5.yaml,tetris-opt14-strips__pp02-4-err-rate-0-5,tetris-opt14-strips,bfs,14,1,"move_l_down,(at_right_l ?element ?xy_initial1 ?xy_initial1 ?xy_final),precPos,-1",False,4,,,,,,,1.30,,,,,,,1.0,
exp_logs_anu/bfs relax-prec lp1/miconic__ps3-2-err-rate-0-5.yaml,miconic__ps3-2-err-rate-0-5,miconic,bfs,12,0,,True,23,34,,0,0,0.0,0.36,1.57,0.0,,equal,,,,1.0,
exp_logs_anu/bfs relax-prec lp1/miconic__ps3-1-err-rate-0-3.yaml,miconic__ps3-1-err-rate-0-3,miconic,bfs,13,0,,True,91,104,,0,0,0.0,1.4,3.43,0.0,,equal,,,,1.0,
exp_logs_anu/bfs relax-prec lp1/mprime__pprob31-err-rate-0-1.yaml,mprime__pprob31-err-rate-0-1,mprime,bfs,5,0,,True,609,637,,0,0,0.0,25.04,29.80,0.0,,equal,,,,1.0,
exp_logs_anu/bfs relax-prec lp1/pegsol-08-strips__pp05-err-rate-0-3.yaml,pegsol-08-strips__pp05-err-rate-0-3,pegsol-08-strips,bfs,14,0,,True,27,363,,0,322,0.0,1.24,5.10,0.0,,equal,,,,1.0,
exp_logs_anu/bfs relax-prec lp1/freecell__pprobfreecell-2-5-err-rate-0-3.yaml,freecell__pprobfreecell-2-5-err-rate-0-3,freecell,bfs,9,1,"sendtohome,(clear ?oldcard),effPos,1",False,7,,,,,,,1.38,,,,,,,1.0,
exp_logs_anu/bfs relax-prec lp1/mystery__pprob15-err-rate-0-1.yaml,mystery__pprob15-err-rate-0-1,mystery,bfs,6,0,,False,,,,,,,,,,,,,Subprocess timed out after 900 seconds.,time,1.0,
exp_logs_anu/bfs relax-prec lp1/nomystery-opt11-strips__pp13-err-rate-0-3.yaml,nomystery-opt11-strips__pp13-err-rate-0-3,nomystery-opt11-strips,bfs,15,0,,True,413,423,,0,0,0.0,158.36,172.23,0.0,,equal,,,,1.0,
exp_logs_anu/bfs relax-prec lp1/transport-sat08-strips__pp21-err-rate-0-3.yaml,transport-sat08-strips__pp21-err-rate-0-3,transport-sat08-strips,bfs,8,0,,True,45,52,,0,0,0.0,0.76,2.02,0.0,,equal,,,,1.0,
exp_logs_anu/bfs relax-prec lp1/miconic__ps1-4-err-rate-0-3.yaml,miconic__ps1-4-err-rate-0-3,miconic,bfs,4,1,"board,(floor ?p),effPos,1",False,4,,,,,,,1.17,,,,,,,1.0,
exp_logs_anu/bfs relax-prec lp1/satellite__pp03-pfile3-err-rate-0-1.yaml,satellite__pp03-pfile3-err-rate-0-1,satellite,bfs,11,0,,False,,,,,,,,,,,,,Subprocess timed out after 900 seconds.,time,1.0,
exp_logs_anu/bfs relax-prec lp1/scanalyzer-08-strips__pp22-err-rate-0-5.yaml,scanalyzer-08-strips__pp22-err-rate-0-5,scanalyzer-08-strips,bfs,5,0,,True,6,6,,0,0,0.0,0.1,1.29,0.0,,equal,,,,1.0,
exp_logs_anu/bfs relax-prec lp1/elevators-opt08-strips__pp02-err-rate-0-3.yaml,elevators-opt08-strips__pp02-err-rate-0-3,elevators-opt08-strips,bfs,9,1,"board,(passengers ?lift ?n2),precPos,-1",False,1,,,,,,,1.46,,,,,,,1.0,
exp_logs_anu/bfs relax-prec lp1/visitall-opt11-strips__pproblem04-half-err-rate-0-5.yaml,visitall-opt11-strips__pproblem04-half-err-rate-0-5,visitall-opt11-strips,bfs,11,1,"move,(at-robot ?nextpos),precPos,-1",False,1,,,,,,,1.19,,,,,,,1.0,
exp_logs_anu/bfs relax-prec lp1/zenotravel__pp03-err-rate-0-3.yaml,zenotravel__pp03-err-rate-0-3,zenotravel,bfs,6,1,"debark,(in ?p ?a),precPos,-1",True,270,403,,0,406,0.0,4.99,9.70,1.0,"debark,(in ?p ?a),precPos,-1",equal,True,,,1.0,
exp_logs_anu/bfs relax-prec lp1/mprime__pprob10-err-rate-0-1.yaml,mprime__pprob10-err-rate-0-1,mprime,bfs,8,0,,False,,,,,,,,,,,,,Subprocess timed out after 900 seconds.,time,1.0,
exp_logs_anu/bfs relax-prec lp1/tpp__pp02-err-rate-0-1.yaml,tpp__pp02-err-rate-0-1,tpp,bfs,8,1,"load,(loaded ?g ?t ?l2),effPos,1",True,14,17,,0,5,0.0,0.21,1.37,1.0,"load,(loaded ?g ?t ?l2),effPos,1",equal,True,,,1.0,
exp_logs_anu/bfs relax-prec lp1/freecell__pprobfreecell-3-2-err-rate-0-1.yaml,freecell__pprobfreecell-3-2-err-rate-0-1,freecell,bfs,13,0,,True,14,21,,0,0,0.0,0.44,1.71,0.0,,equal,,,,1.0,
exp_logs_anu/bfs relax-prec lp1/mprime__pprob05-err-rate-0-1.yaml,mprime__pprob05-err-rate-0-1,mprime,bfs,14,0,,False,,,,,,,,,,,,,Subprocess timed out after 900 seconds.,time,1.0,
exp_logs_anu/bfs relax-prec lp1/mystery__pprob03-err-rate-0-3.yaml,mystery__pprob03-err-rate-0-3,mystery,bfs,4,1,"succumb,(craves ?c ?n),effPos,1",True,331,331,,0,1,0.0,12.07,14.73,1.0,"succumb,(craves ?c ?n),effPos,1",equal,True,,,1.0,
exp_logs_anu/bfs relax-prec lp1/mystery__pprob15-err-rate-0-5.yaml,mystery__pprob15-err-rate-0-5,mystery,bfs,6,0,,False,,,,,,,,,,,,,Subprocess timed out after 900 seconds.,time,1.0,
exp_logs_anu/bfs relax-prec lp1/mprime__pprob24-err-rate-0-5.yaml,mprime__pprob24-err-rate-0-5,mprime,bfs,13,0,,False,,,,,,,,,,,,,Subprocess timed out after 900 seconds.,time,1.0,
exp_logs_anu/bfs relax-prec lp1/mprime__pprob27-err-rate-0-3.yaml,mprime__pprob27-err-rate-0-3,mprime,bfs,5,0,,True,94,103,,0,0,0.0,3.3,4.90,0.0,,equal,,,,1.0,
exp_logs_anu/bfs relax-prec lp1/blocks__pprobBLOCKS-5-0-err-rate-0-1.yaml,blocks__pprobBLOCKS-5-0-err-rate-0-1,blocks,bfs,12,1,"unstack,(ontable ?x),precPos,-1",False,1,,,,,,,1.17,,,,,,,1.0,
exp_logs_anu/bfs relax-prec lp1/blocks__pprobBLOCKS-6-1-err-rate-0-5.yaml,blocks__pprobBLOCKS-6-1-err-rate-0-5,blocks,bfs,10,0,,True,1866,1872,,0,0,0.0,19.43,24.50,0.0,,equal,,,,1.0,
exp_logs_anu/bfs relax-prec lp1/tetris-opt14-strips__pp02-4-err-rate-0-1.yaml,tetris-opt14-strips__pp02-4-err-rate-0-1,tetris-opt14-strips,bfs,14,0,,True,16,35,,0,6,0.0,0.41,1.70,0.0,,equal,,,,1.0,
exp_logs_anu/bfs relax-prec lp1/mystery__pprob29-err-rate-0-3.yaml,mystery__pprob29-err-rate-0-3,mystery,bfs,4,1,"overcome,(fears ?v ?c),precPos,-1",True,13,20,,0,19,0.0,0.43,1.62,1.0,"overcome,(fears ?v ?c),precPos,-1",equal,True,,,1.0,
exp_logs_anu/bfs relax-prec lp1/mprime__pprob31-err-rate-0-5.yaml,mprime__pprob31-err-rate-0-5,mprime,bfs,5,1,"overcome,(fears ?c ?v),effPos,1",False,,,,,,,,,,,,,Subprocess timed out after 900 seconds.,time,1.0,
exp_logs_anu/bfs relax-prec lp1/mprime__pprob32-err-rate-0-3.yaml,mprime__pprob32-err-rate-0-3,mprime,bfs,8,0,,True,944,953,,0,0,0.0,36.79,44.72,0.0,,equal,,,,1.0,
exp_logs_anu/bfs relax-prec lp1/miconic__ps3-2-err-rate-0-1.yaml,miconic__ps3-2-err-rate-0-1,miconic,bfs,12,1,"depart,(served ?p),precPos,-1",True,60,67,,0,50,0.0,0.92,2.25,1.0,"depart,(served ?p),precPos,-1",equal,True,,,1.0,
exp_logs_anu/bfs relax-prec lp1/mprime__pprob10-err-rate-0-5.yaml,mprime__pprob10-err-rate-0-5,mprime,bfs,8,0,,False,,,,,,,,,,,,,Subprocess timed out after 900 seconds.,time,1.0,
exp_logs_anu/bfs relax-prec lp1/tpp__pp02-err-rate-0-5.yaml,tpp__pp02-err-rate-0-5,tpp,bfs,8,0,,True,9,11,,0,0,0.0,0.13,1.29,0.0,,equal,,,,1.0,
exp_logs_anu/bfs relax-prec lp1/freecell__pprobfreecell-3-2-err-rate-0-5.yaml,freecell__pprobfreecell-3-2-err-rate-0-5,freecell,bfs,13,1,"sendtofree,(not (value ?card ?ncells)),effNeg,-1",False,111,,,,,,,5.60,,,,,,,1.0,
exp_logs_anu/bfs relax-prec lp1/freecell__pprobfreecell-3-1-err-rate-0-3.yaml,freecell__pprobfreecell-3-1-err-rate-0-3,freecell,bfs,14,0,,True,17,21,,0,0,0.0,0.54,1.82,0.0,,equal,,,,1.0,
exp_logs_anu/bfs relax-prec lp1/tpp__pp01-err-rate-0-3.yaml,tpp__pp01-err-rate-0-3,tpp,bfs,5,0,,True,6,6,,0,0,0.0,0.09,1.26,0.0,,equal,,,,1.0,
exp_logs_anu/bfs relax-prec lp1/mprime__pprob05-err-rate-0-5.yaml,mprime__pprob05-err-rate-0-5,mprime,bfs,14,1,"succumb,(craves ?c ?n),effPos,1",False,,,,,,,,,,,,,Subprocess timed out after 900 seconds.,time,1.0,
exp_logs_anu/bfs relax-prec lp1/hiking-agl14-strips__ptesting-3-4-3-err-rate-0-3.yaml,hiking-agl14-strips__ptesting-3-4-3-err-rate-0-3,hiking-agl14-strips,bfs,13,0,,False,,,,,,,,,,,,,Subprocess timed out after 900 seconds.,time,1.0,
exp_logs_anu/bfs relax-prec lp1/satellite__pp03-pfile3-err-rate-0-5.yaml,satellite__pp03-pfile3-err-rate-0-5,satellite,bfs,11,0,,False,,,,,,,,,,,,,Subprocess timed out after 900 seconds.,time,1.0,
exp_logs_anu/bfs relax-prec lp1/scanalyzer-08-strips__pp22-err-rate-0-1.yaml,scanalyzer-08-strips__pp22-err-rate-0-1,scanalyzer-08-strips,bfs,5,0,,True,6,6,,0,0,0.0,0.1,1.30,0.0,,equal,,,,1.0,
exp_logs_anu/bfs relax-prec lp1/visitall-opt11-strips__pproblem04-half-err-rate-0-1.yaml,visitall-opt11-strips__pproblem04-half-err-rate-0-1,visitall-opt11-strips,bfs,11,1,"move,(at-robot ?nextpos),effPos,1",False,,,,,,,,,,,,,Subprocess timed out after 900 seconds.,time,1.0,
exp_logs_anu/bfs relax-prec lp1/nomystery-opt11-strips__pp02-err-rate-0-1.yaml,nomystery-opt11-strips__pp02-err-rate-0-1,nomystery-opt11-strips,bfs,14,1,"drive,(sum ?fuelpre ?fuelpost ?fueldelta),precPos,-1",False,2,,,,,,,4.87,,,,,,,1.0,
exp_logs_anu/bfs relax-prec lp1/scanalyzer-08-strips__pp04-err-rate-0-1.yaml,scanalyzer-08-strips__pp04-err-rate-0-1,scanalyzer-08-strips,bfs,14,0,,False,,,,,,,,,,,,,Subprocess timed out after 900 seconds.,time,1.0,
exp_logs_anu/bfs relax-prec lp1/transport-sat08-strips__pp11-err-rate-0-1.yaml,transport-sat08-strips__pp11-err-rate-0-1,transport-sat08-strips,bfs,11,0,,True,120,137,,0,0,0.0,2.04,3.57,0.0,,equal,,,,1.0,
exp_logs_anu/bfs relax-prec lp1/pegsol-08-strips__pp01-err-rate-0-1.yaml,pegsol-08-strips__pp01-err-rate-0-1,pegsol-08-strips,bfs,7,1,"jump-new-move,(in-line ?over ?to ?from),precPos,-1",False,1,,,,,,,1.20,,,,,,,1.0,
exp_logs_anu/bfs relax-prec lp1/mprime__pprob09-err-rate-0-5.yaml,mprime__pprob09-err-rate-0-5,mprime,bfs,11,0,,False,,,,,,,,,,,,,Subprocess timed out after 900 seconds.,time,1.0,
exp_logs_anu/bfs relax-prec lp1/freecell__pprobfreecell-2-1-err-rate-0-1.yaml,freecell__pprobfreecell-2-1-err-rate-0-1,freecell,bfs,9,1,"sendtohome-b,(suit ?vhomecard ?card),precPos,-1",False,1,,,,,,,1.34,,,,,,,1.0,
exp_logs_anu/bfs relax-prec lp1/mystery__pprob11-err-rate-0-3.yaml,mystery__pprob11-err-rate-0-3,mystery,bfs,7,1,"overcome,(fears ?s1 ?v),effPos,1",False,25,,,,,,,2.00,,,,,,,1.0,
exp_logs_anu/bfs relax-prec lp1/scanalyzer-opt11-strips__pp20-err-rate-0-5.yaml,scanalyzer-opt11-strips__pp20-err-rate-0-5,scanalyzer-opt11-strips,bfs,15,0,,False,,,,,,,,,,,,,Subprocess timed out after 900 seconds.,time,1.0,
exp_logs_anu/bfs relax-prec lp1/mprime__pprob20-err-rate-0-3.yaml,mprime__pprob20-err-rate-0-3,mprime,bfs,7,0,,False,,,,,,,,,,,,,Subprocess timed out after 900 seconds.,time,1.0,
exp_logs_anu/bfs relax-prec lp1/mprime__pprob23-err-rate-0-5.yaml,mprime__pprob23-err-rate-0-5,mprime,bfs,11,1,"drink,(fears ?n1 ?n2),precPos,-1",False,,,,,,,,,,,,,Subprocess timed out after 900 seconds.,time,1.0,
exp_logs_anu/bfs relax-prec lp1/mprime__pprob35-err-rate-0-3.yaml,mprime__pprob35-err-rate-0-3,mprime,bfs,6,1,"drink,(craves ?n1 ?l13),precPos,-1",False,20,,,,,,,1.77,,,,,,,1.0,
exp_logs_anu/bfs relax-prec lp1/mprime__pprob14-err-rate-0-3.yaml,mprime__pprob14-err-rate-0-3,mprime,bfs,11,0,,False,,,,,,,,,,,,,Subprocess timed out after 900 seconds.,time,1.0,
exp_logs_anu/bfs relax-prec lp1/freecell__pprobfreecell-3-5-err-rate-0-5.yaml,freecell__pprobfreecell-3-5-err-rate-0-5,freecell,bfs,14,2,"sendtohome-b,(home ?card),effPos,1
homefromfreecell,(cellspace ?cells),precPos,-1",False,71,,,,,,,3.99,,,,,,,1.0,
exp_logs_anu/bfs relax-prec lp1/visitall-opt11-strips__pproblem02-full-err-rate-0-3.yaml,visitall-opt11-strips__pproblem02-full-err-rate-0-3,visitall-opt11-strips,bfs,3,1,"move,(connected ?curpos ?curpos),precPos,-1",False,1,,,,,,,1.14,,,,,,,1.0,
exp_logs_anu/bfs relax-prec lp1/mprime__pprob17-err-rate-0-5.yaml,mprime__pprob17-err-rate-0-5,mprime,bfs,4,0,,True,1425,1457,,0,0,0.0,84.59,97.53,0.0,,equal,,,,1.0,
exp_logs_anu/bfs relax-prec lp1/mystery__pprob19-err-rate-0-5.yaml,mystery__pprob19-err-rate-0-5,mystery,bfs,6,2,"succumb,(craves ?c ?n),effPos,1
overcome,(fears ?c ?v),effPos,1",False,,,,,,,,,,,,,Subprocess timed out after 900 seconds.,time,1.0,
exp_logs_anu/bfs relax-prec lp1/mprime__pprob01-err-rate-0-3.yaml,mprime__pprob01-err-rate-0-3,mprime,bfs,5,0,,True,7,9,,0,0,0.0,0.17,1.32,0.0,,equal,,,,1.0,
exp_logs_anu/bfs relax-prec lp1/mprime__pprob02-err-rate-0-5.yaml,mprime__pprob02-err-rate-0-5,mprime,bfs,13,0,,False,,,,,,,,,,,,,Subprocess timed out after 900 seconds.,time,1.0,
exp_logs_anu/bfs relax-prec lp1/scanalyzer-opt11-strips__pp02-err-rate-0-3.yaml,scanalyzer-opt11-strips__pp02-err-rate-0-3,scanalyzer-opt11-strips,bfs,14,0,,False,,,,,,,,,,,,,Subprocess timed out after 900 seconds.,time,1.0,
exp_logs_anu/bfs relax-prec lp1/mystery__pprob30-err-rate-0-3.yaml,mystery__pprob30-err-rate-0-3,mystery,bfs,10,0,,False,,,,,,,,,,,,,Subprocess timed out after 900 seconds.,time,1.0,
exp_logs_anu/bfs relax-prec lp1/scanalyzer-opt11-strips__pp01-err-rate-0-5.yaml,scanalyzer-opt11-strips__pp01-err-rate-0-5,scanalyzer-opt11-strips,bfs,5,0,,True,6,6,,0,0,0.0,0.1,1.27,0.0,,equal,,,,1.0,
exp_logs_anu/bfs relax-prec lp1/transport-opt08-strips__pp02-err-rate-0-1.yaml,transport-opt08-strips__pp02-err-rate-0-1,transport-opt08-strips,bfs,12,1,"drive,(road ?l2 ?l2),precPos,-1",False,1,,,,,,,1.19,,,,,,,1.0,
exp_logs_anu/bfs relax-prec lp1/miconic__ps2-1-err-rate-0-5.yaml,miconic__ps2-1-err-rate-0-5,miconic,bfs,8,0,,True,12,15,,0,0,0.0,0.15,1.29,0.0,,equal,,,,1.0,
exp_logs_anu/bfs relax-prec lp1/miconic__ps2-2-err-rate-0-3.yaml,miconic__ps2-2-err-rate-0-3,miconic,bfs,8,2,"depart,(destin ?f ?p),precPos,-1
board,(destin ?p ?f),precPos,-1",False,1,,,,,,,1.18,,,,,,,1.0,
exp_logs_anu/bfs relax-prec lp1/miconic__ps1-0-err-rate-0-1.yaml,miconic__ps1-0-err-rate-0-1,miconic,bfs,4,1,"down,(destin ?f2 ?f2),precPos,-1",False,3,,,,,,,1.17,,,,,,,1.0,
exp_logs_anu/bfs relax-prec lp1/blocks__pprobBLOCKS-4-0-err-rate-0-3.yaml,blocks__pprobBLOCKS-4-0-err-rate-0-3,blocks,bfs,6,0,,True,16,22,,0,0,0.0,0.15,1.45,0.0,,equal,,,,1.0,
exp_logs_anu/bfs relax-prec lp1/scanalyzer-08-strips__pp25-err-rate-0-1.yaml,scanalyzer-08-strips__pp25-err-rate-0-1,scanalyzer-08-strips,bfs,10,0,,True,2826,4188,,0,5837,0.0,69.81,103.29,0.0,,equal,,,,1.0,
exp_logs_anu/bfs relax-prec lp1/mystery__pprob26-err-rate-0-5.yaml,mystery__pprob26-err-rate-0-5,mystery,bfs,6,0,,True,10061,10084,,0,0,0.0,401.53,452.80,0.0,,equal,,,,1.0,
exp_logs_anu/bfs relax-prec lp1/mystery__pprob25-err-rate-0-3.yaml,mystery__pprob25-err-rate-0-3,mystery,bfs,4,0,,True,14,18,,0,0,0.0,0.31,1.50,0.0,,equal,,,,1.0,
exp_logs_anu/bfs relax-prec lp1/mprime__pprob28-err-rate-0-5.yaml,mprime__pprob28-err-rate-0-5,mprime,bfs,9,0,,True,61,68,,0,0,0.0,1.66,3.05,0.0,,equal,,,,1.0,
exp_logs_anu/bfs relax-prec lp1/tetris-opt14-strips__pp03-4-err-rate-0-3.yaml,tetris-opt14-strips__pp03-4-err-rate-0-3,tetris-opt14-strips,bfs,10,1,"move_square,(clear ?xy_initial),effPos,1",False,,,,,,,,,,,,,Subprocess timed out after 900 seconds.,time,1.0,
exp_logs_anu/bfs relax-prec lp1/mprime__pprob23-err-rate-0-1.yaml,mprime__pprob23-err-rate-0-1,mprime,bfs,11,0,,False,,,,,,,,,,,,,Subprocess timed out after 900 seconds.,time,1.0,
exp_logs_anu/bfs relax-prec lp1/rovers__pp03-err-rate-0-3.yaml,rovers__pp03-err-rate-0-3,rovers,bfs,12,1,"sample_soil,(full ?s),precPos,-1",True,311,331,,0,37,0.0,10.5,13.25,1.0,"sample_soil,(full ?s),precPos,-1",equal,True,,,1.0,
exp_logs_anu/bfs relax-prec lp1/nomystery-opt11-strips__pp01-err-rate-0-3.yaml,nomystery-opt11-strips__pp01-err-rate-0-3,nomystery-opt11-strips,bfs,11,1,"load,(in ?p ?t),effPos,1",True,136,142,,0,120,0.0,31.27,36.70,1.0,"unload,(in ?p ?t),precPos,-1",equal,False,,,1.0,
exp_logs_anu/bfs relax-prec lp1/scanalyzer-08-strips__pp04-err-rate-0-5.yaml,scanalyzer-08-strips__pp04-err-rate-0-5,scanalyzer-08-strips,bfs,14,0,,False,,,,,,,,,,,,,Subprocess timed out after 900 seconds.,time,1.0,
exp_logs_anu/bfs relax-prec lp1/nomystery-opt11-strips__pp02-err-rate-0-5.yaml,nomystery-opt11-strips__pp02-err-rate-0-5,nomystery-opt11-strips,bfs,14,1,"load,(connected ?l ?l),precPos,-1",False,1,,,,,,,4.61,,,,,,,1.0,
exp_logs_anu/bfs relax-prec lp1/transport-sat08-strips__pp11-err-rate-0-5.yaml,transport-sat08-strips__pp11-err-rate-0-5,transport-sat08-strips,bfs,11,1,"drive,(road ?l2 ?l1),effPos,1",False,187,,,,,,,4.64,,,,,,,1.0,
exp_logs_anu/bfs relax-prec lp1/mprime__pprob09-err-rate-0-1.yaml,mprime__pprob09-err-rate-0-1,mprime,bfs,11,1,"feast,(craves ?l2 ?n1),effPos,1",False,,,,,,,,,,,,,Subprocess timed out after 900 seconds.,time,1.0,
exp_logs_anu/bfs relax-prec lp1/pegsol-08-strips__pp02-err-rate-0-3.yaml,pegsol-08-strips__pp02-err-rate-0-3,pegsol-08-strips,bfs,9,1,"jump-new-move,(in-line ?from ?over ?from),precPos,-1",False,1,,,,,,,2.28,,,,,,,1.0,
exp_logs_anu/bfs relax-prec lp1/pegsol-08-strips__pp01-err-rate-0-5.yaml,pegsol-08-strips__pp01-err-rate-0-5,pegsol-08-strips,bfs,7,0,,True,12,172,,0,160,0.0,0.53,2.12,0.0,,equal,,,,1.0,
exp_logs_anu/bfs relax-prec lp1/scanalyzer-opt11-strips__pp20-err-rate-0-1.yaml,scanalyzer-opt11-strips__pp20-err-rate-0-1,scanalyzer-opt11-strips,bfs,15,0,,False,,,,,,,,,,,,,Subprocess timed out after 900 seconds.,time,1.0,
exp_logs_anu/bfs relax-prec lp1/freecell__pprobfreecell-2-1-err-rate-0-5.yaml,freecell__pprobfreecell-2-1-err-rate-0-5,freecell,bfs,9,0,,True,10,12,,0,0,0.0,0.27,1.48,0.0,,equal,,,,1.0,
exp_logs_anu/bfs relax-prec lp1/freecell__pprobfreecell-2-2-err-rate-0-3.yaml,freecell__pprobfreecell-2-2-err-rate-0-3,freecell,bfs,8,0,,True,9,16,,0,0,0.0,0.24,1.47,0.0,,equal,,,,1.0,
exp_logs_anu/bfs relax-prec lp1/transport-opt08-strips__pp01-err-rate-0-3.yaml,transport-opt08-strips__pp01-err-rate-0-3,transport-opt08-strips,bfs,5,1,"drop,(in ?p ?v),precPos,-1",True,13,36,,0,25,0.0,0.19,1.44,1.0,"drop,(in ?p ?v),precPos,-1",equal,True,,,1.0,
exp_logs_anu/bfs relax-prec lp1/miconic__ps1-0-err-rate-0-5.yaml,miconic__ps1-0-err-rate-0-5,miconic,bfs,4,0,,True,5,5,,0,0,0.0,0.06,1.18,0.0,,equal,,,,1.0,
exp_logs_anu/bfs relax-prec lp1/miconic__ps1-3-err-rate-0-3.yaml,miconic__ps1-3-err-rate-0-3,miconic,bfs,4,2,"up,(above ?f2 ?f2),precPos,-1
depart,(origin ?p ?f),precPos,-1",False,1,,,,,,,1.15,,,,,,,1.0,
exp_logs_anu/bfs relax-prec lp1/miconic__ps2-1-err-rate-0-1.yaml,miconic__ps2-1-err-rate-0-1,miconic,bfs,8,1,"board,(above ?p ?p),precPos,-1",False,1,,,,,,,1.13,,,,,,,1.0,
exp_logs_anu/bfs relax-prec lp1/transport-opt08-strips__pp02-err-rate-0-5.yaml,transport-opt08-strips__pp02-err-rate-0-5,transport-opt08-strips,bfs,12,2,"drive,(road ?l1 ?l1),precPos,-1
pick-up,(capacity-predecessor ?s2 ?s1),precPos,-1",False,1,,,,,,,2.04,,,,,,,1.0,
exp_logs_anu/bfs relax-prec lp1/scanalyzer-opt11-strips__pp01-err-rate-0-1.yaml,scanalyzer-opt11-strips__pp01-err-rate-0-1,scanalyzer-opt11-strips,bfs,5,0,,True,6,6,,0,0,0.0,0.1,1.22,0.0,,equal,,,,1.0,
exp_logs_anu/bfs relax-prec lp1/mystery__pprob26-err-rate-0-1.yaml,mystery__pprob26-err-rate-0-1,mystery,bfs,6,1,"overcome,(locale ?s2 ?v),precPos,-1",False,1,,,,,,,1.47,,,,,,,1.0,
exp_logs_anu/bfs relax-prec lp1/scanalyzer-08-strips__pp25-err-rate-0-5.yaml,scanalyzer-08-strips__pp25-err-rate-0-5,scanalyzer-08-strips,bfs,10,0,,True,175,697,,0,2175,0.0,4.32,8.56,0.0,,equal,,,,1.0,
exp_logs_anu/bfs relax-prec lp1/zenotravel__pp04-err-rate-0-3.yaml,zenotravel__pp04-err-rate-0-3,zenotravel,bfs,9,0,,True,239,250,,0,2,0.0,4.83,7.28,0.0,,equal,,,,1.0,
exp_logs_anu/bfs relax-prec lp1/mprime__pprob28-err-rate-0-1.yaml,mprime__pprob28-err-rate-0-1,mprime,bfs,9,1,"overcome,(craves ?s2 ?c),precPos,-1",False,11,,,,,,,1.54,,,,,,,1.0,
exp_logs_anu/bfs relax-prec lp1/freecell__pprobfreecell-3-5-err-rate-0-1.yaml,freecell__pprobfreecell-3-5-err-rate-0-1,freecell,bfs,14,0,,True,24,30,,0,0,0.0,0.76,2.11,0.0,,equal,,,,1.0,
exp_logs_anu/bfs relax-prec lp1/mprime__pprob17-err-rate-0-1.yaml,mprime__pprob17-err-rate-0-1,mprime,bfs,4,0,,True,2085,2113,,0,0,0.0,128.11,146.62,0.0,,equal,,,,1.0,
exp_logs_anu/bfs relax-prec lp1/mystery__pprob19-err-rate-0-1.yaml,mystery__pprob19-err-rate-0-1,mystery,bfs,6,1,"feast,(pleasure ?l1),precPos,-1",False,1,,,,,,,1.19,,,,,,,1.0,
exp_logs_anu/bfs relax-prec lp1/mprime__pprob02-err-rate-0-1.yaml,mprime__pprob02-err-rate-0-1,mprime,bfs,13,0,,False,,,,,,,,,,,,,Subprocess timed out after 900 seconds.,time,1.0,
exp_logs_anu/bfs relax-prec lp1/driverlog__pp01-err-rate-0-3.yaml,driverlog__pp01-err-rate-0-3,driverlog,bfs,7,0,,True,22,26,,0,0,0.0,0.37,1.60,0.0,,equal,,,,1.0,
exp_logs_anu/bfs relax-prec lp1/visitall-opt11-strips__pproblem03-half-err-rate-0-3.yaml,visitall-opt11-strips__pproblem03-half-err-rate-0-3,visitall-opt11-strips,bfs,7,1,"move,(visited ?nextpos),precPos,-1",False,1,,,,,,,1.18,,,,,,,1.0,
exp_logs_anu/bfs relax-prec lp1/freecell__pprobfreecell-3-3-err-rate-0-1.yaml,freecell__pprobfreecell-3-3-err-rate-0-1,freecell,bfs,13,0,,True,28,34,,0,0,0.0,0.89,2.25,0.0,,equal,,,,1.0,
exp_logs_anu/bfs relax-prec lp1/mprime__pprob11-err-rate-0-1.yaml,mprime__pprob11-err-rate-0-1,mprime,bfs,7,0,,True,36,40,,0,0,0.0,1.05,2.54,0.0,,equal,,,,1.0,
exp_logs_anu/bfs relax-prec lp1/tpp__pp03-err-rate-0-1.yaml,tpp__pp03-err-rate-0-1,tpp,bfs,11,1,"unload,(loaded ?g ?t ?l2),precPos,-1",True,41,59,,0,21,0.0,0.65,2.10,1.0,"unload,(loaded ?g ?t ?l2),precPos,-1",equal,True,,,1.0,
exp_logs_anu/bfs relax-prec lp1/mprime__pprob04-err-rate-0-1.yaml,mprime__pprob04-err-rate-0-1,mprime,bfs,9,0,,True,238,321,,0,0,0.0,7.8,10.49,0.0,,equal,,,,1.0,
exp_logs_anu/bfs relax-prec lp1/freecell__pp02-err-rate-0-1.yaml,freecell__pp02-err-rate-0-1,freecell,bfs,15,0,,True,16,20,,0,0,0.0,0.45,2.15,0.0,,equal,,,,1.0,
exp_logs_anu/bfs relax-prec lp1/hiking-opt14-strips__pptesting-1-2-3-err-rate-0-1.yaml,hiking-opt14-strips__pptesting-1-2-3-err-rate-0-1,hiking-opt14-strips,bfs,13,0,,True,4472,4514,,0,0,0.0,69.83,87.17,0.0,,equal,,,,1.0,
exp_logs_anu/bfs relax-prec lp1/depot__pp01-err-rate-0-3.yaml,depot__pp01-err-rate-0-3,depot,bfs,10,1,"unload,(not (place ?p)),effNeg,-1",False,34,,,,,,,2.55,,,,,,,1.0,
exp_logs_anu/bfs relax-prec lp1/gripper__pprob01-err-rate-0-1.yaml,gripper__pprob01-err-rate-0-1,gripper,bfs,11,1,"move,(at-robby ?to),effPos,1",True,1163,1363,,0,1290,0.0,13.51,17.87,1.0,"move,(at-robby ?to),effPos,1",equal,True,,,1.0,
exp_logs_anu/bfs relax-prec lp1/visitall-opt11-strips__pproblem02-half-err-rate-0-3.yaml,visitall-opt11-strips__pproblem02-half-err-rate-0-3,visitall-opt11-strips,bfs,1,1,"move,(visited ?nextpos),effPos,1",True,2,2,,0,1,0.0,0.03,1.14,1.0,"move,(visited ?nextpos),effPos,1",equal,True,,,1.0,
exp_logs_anu/bfs relax-prec lp1/miconic__ps4-0-err-rate-0-3.yaml,miconic__ps4-0-err-rate-0-3,miconic,bfs,15,2,"depart,(above ?p ?f),precPos,-1
board,(origin ?p ?p),precPos,-1",False,8,,,,,,,1.34,,,,,,,1.0,
exp_logs_anu/bfs relax-prec lp1/zenotravel__pp01-err-rate-0-5.yaml,zenotravel__pp01-err-rate-0-5,zenotravel,bfs,1,0,,True,2,2,,0,0,0.0,0.04,1.24,0.0,,equal,,,,1.0,
exp_logs_anu/bfs relax-prec lp1/zenotravel__pp02-err-rate-0-3.yaml,zenotravel__pp02-err-rate-0-3,zenotravel,bfs,8,0,,True,33,39,,0,2,0.0,0.53,1.76,0.0,,equal,,,,1.0,
exp_logs_anu/bfs relax-prec lp1/transport-opt08-strips__pp11-err-rate-0-5.yaml,transport-opt08-strips__pp11-err-rate-0-5,transport-opt08-strips,bfs,9,1,"pick-up,(not (capacity ?v ?s2)),effNeg,-1",False,75,,,,,,,3.00,,,,,,,1.0,
exp_logs_anu/bfs relax-prec lp1/mystery__pprob20-err-rate-0-1.yaml,mystery__pprob20-err-rate-0-1,mystery,bfs,8,1,"succumb,(orbits ?s1 ?n),precPos,-1",False,,,,,,,,,,,,,Subprocess timed out after 900 seconds.,time,1.0,
exp_logs_anu/bfs relax-prec lp1/scanalyzer-08-strips__pp23-err-rate-0-5.yaml,scanalyzer-08-strips__pp23-err-rate-0-5,scanalyzer-08-strips,bfs,5,0,,True,6,6,,0,0,0.0,0.1,1.26,0.0,,equal,,,,1.0,
exp_logs_anu/bfs relax-prec lp1/pegsol-08-strips__pp04-err-rate-0-3.yaml,pegsol-08-strips__pp04-err-rate-0-3,pegsol-08-strips,bfs,13,1,"jump-new-move,(not (move-ended )),effNeg,-1",True,293,305,,0,297,0.0,14.26,16.86,1.0,"jump-new-move,(not (move-ended )),effNeg,-1",equal,True,,,1.0,
exp_logs_anu/bfs relax-prec lp1/scanalyzer-08-strips__pp01-err-rate-0-3.yaml,scanalyzer-08-strips__pp01-err-rate-0-3,scanalyzer-08-strips,bfs,10,1,"analyze-2,(on ?c1 ?s2),effPos,1",False,226,,,,,,,6.68,,,,,,,1.0,
exp_logs_anu/bfs relax-prec lp1/scanalyzer-08-strips__pp02-err-rate-0-5.yaml,scanalyzer-08-strips__pp02-err-rate-0-5,scanalyzer-08-strips,bfs,14,1,"rotate-2,(cycle-2-with-analysis ?s2 ?s1),precPos,-1",False,1093,,,,,,,27.66,,,,,,,1.0,
exp_logs_anu/bfs relax-prec lp1/mystery__pprob01-err-rate-0-1.yaml,mystery__pprob01-err-rate-0-1,mystery,bfs,5,1,"succumb,(harmony ?v ?n),precPos,-1",False,16,,,,,,,1.60,,,,,,,1.0,
exp_logs_anu/bfs relax-prec lp1/satellite__pp01-pfile1-err-rate-0-3.yaml,satellite__pp01-pfile1-err-rate-0-3,satellite,bfs,9,0,,True,24,42,,0,0,0.0,0.41,3.23,0.0,,equal,,,,1.0,
exp_logs_anu/bfs relax-prec lp1/satellite__pp02-pfile2-err-rate-0-1.yaml,satellite__pp02-pfile2-err-rate-0-1,satellite,bfs,13,0,,False,,,,,,,,,,,,,Subprocess timed out after 900 seconds.,time,1.0,
exp_logs_anu/bfs relax-prec lp1/scanalyzer-sat11-strips__pp01-err-rate-0-1.yaml,scanalyzer-sat11-strips__pp01-err-rate-0-1,scanalyzer-sat11-strips,bfs,10,0,,True,3641,8422,,0,24233,0.0,89.88,153.27,0.0,,equal,,,,1.0,
exp_logs_anu/bfs relax-prec lp1/freecell__pprobfreecell-2-4-err-rate-0-3.yaml,freecell__pprobfreecell-2-4-err-rate-0-3,freecell,bfs,8,0,,True,9,16,,0,0,0.0,0.24,1.48,0.0,,equal,,,,1.0,
exp_logs_anu/bfs relax-prec lp1/nomystery-opt11-strips__pp12-err-rate-0-3.yaml,nomystery-opt11-strips__pp12-err-rate-0-3,nomystery-opt11-strips,bfs,15,0,,True,374,384,,0,0,0.0,391.42,420.63,0.0,,equal,,,,1.0,
exp_logs_anu/bfs relax-prec lp1/transport-sat08-strips__pp01-err-rate-0-3.yaml,transport-sat08-strips__pp01-err-rate-0-3,transport-sat08-strips,bfs,6,1,"pick-up,(capacity ?v ?s1),effPos,1",False,3,,,,,,,1.27,,,,,,,1.0,
exp_logs_anu/bfs relax-prec lp1/logistics98__pprob31-err-rate-0-3.yaml,logistics98__pprob31-err-rate-0-3,logistics98,bfs,14,0,,False,,,,,,,,,,,,,Subprocess timed out after 900 seconds.,time,1.0,
exp_logs_anu/bfs relax-prec lp1/mystery__pprob14-err-rate-0-1.yaml,mystery__pprob14-err-rate-0-1,mystery,bfs,11,0,,False,,,,,,,,,,,,,Subprocess timed out after 900 seconds.,time,1.0,
exp_logs_anu/bfs relax-prec lp1/nomystery-opt11-strips__pp11-err-rate-0-5.yaml,nomystery-opt11-strips__pp11-err-rate-0-5,nomystery-opt11-strips,bfs,12,0,,True,69,74,,0,0,0.0,8.98,10.89,0.0,,equal,,,,1.0,
exp_logs_anu/bfs relax-prec lp1/scanalyzer-08-strips__pp28-err-rate-0-5.yaml,scanalyzer-08-strips__pp28-err-rate-0-5,scanalyzer-08-strips,bfs,15,1,"analyze-4,(cycle-4 ?s2 ?s2 ?s3 ?s2),precPos,-1",False,1,,,,,,,1.22,,,,,,,1.0,
exp_logs_anu/bfs relax-prec lp1/blocks__pprobBLOCKS-5-1-err-rate-0-5.yaml,blocks__pprobBLOCKS-5-1-err-rate-0-5,blocks,bfs,10,1,"put-down,(on ?x ?x),precPos,-1",False,2,,,,,,,1.24,,,,,,,1.0,
exp_logs_anu/bfs relax-prec lp1/blocks__pprobBLOCKS-6-0-err-rate-0-1.yaml,blocks__pprobBLOCKS-6-0-err-rate-0-1,blocks,bfs,12,0,,True,1579,1595,,0,12,0.0,15.45,19.68,0.0,,equal,,,,1.0,
exp_logs_anu/bfs relax-prec lp1/mprime__pprob25-err-rate-0-1.yaml,mprime__pprob25-err-rate-0-1,mprime,bfs,4,0,,True,8,14,,0,0,0.0,0.18,1.33,0.0,,equal,,,,1.0,
exp_logs_anu/bfs relax-prec lp1/miconic__ps3-0-err-rate-0-3.yaml,miconic__ps3-0-err-rate-0-3,miconic,bfs,13,2,"board,(passenger ?f),precPos,-1
up,(destin ?f2 ?f1),precPos,-1",False,1,,,,,,,1.50,,,,,,,1.0,
exp_logs_anu/bfs relax-prec lp1/mprime__pprob30-err-rate-0-1.yaml,mprime__pprob30-err-rate-0-1,mprime,bfs,9,1,"succumb,(harmony ?v ?s2),effPos,1",False,,,,,,,,,,,,,Subprocess timed out after 900 seconds.,time,1.0,
exp_logs_anu/bfs relax-prec lp1/hiking-opt14-strips__pptesting-2-2-3-err-rate-0-3.yaml,hiking-opt14-strips__pptesting-2-2-3-err-rate-0-3,hiking-opt14-strips,bfs,10,0,,True,28,133,,0,0,0.0,0.5,1.97,0.0,,equal,,,,1.0,
exp_logs_anu/bfs relax-prec lp1/miconic__ps3-3-err-rate-0-5.yaml,miconic__ps3-3-err-rate-0-5,miconic,bfs,12,2,"up,(equality-op ?f1 ?f2),effPos,1
depart,(served ?f),precPos,-1",True,168,172,,0,300,0.0,2.57,4.12,2.0,"up,(equality-op ?f1 ?f2),effPos,1
depart,(served ?f),precPos,-1",equal,True,,,1.0,
exp_logs_anu/bfs relax-prec lp1/transport-opt14-strips__pp01-err-rate-0-3.yaml,transport-opt14-strips__pp01-err-rate-0-3,transport-opt14-strips,bfs,13,0,,False,,,,,,,,,,,,,Subprocess timed out after 900 seconds.,time,1.0,
exp_logs_anu/bfs relax-prec lp1/gripper__pprob01-err-rate-0-5.yaml,gripper__pprob01-err-rate-0-5,gripper,bfs,11,0,,True,45,61,,0,0,0.0,0.53,1.77,0.0,,equal,,,,1.0,
exp_logs_anu/bfs relax-prec lp1/miconic__ps2-4-err-rate-0-3.yaml,miconic__ps2-4-err-rate-0-3,miconic,bfs,9,1,"up,(destin ?f1 ?f2),precPos,-1",False,1,,,,,,,1.16,,,,,,,1.0,
exp_logs_anu/bfs relax-prec lp1/scanalyzer-opt11-strips__pp04-err-rate-0-3.yaml,scanalyzer-opt11-strips__pp04-err-rate-0-3,scanalyzer-opt11-strips,bfs,14,0,,True,5291,23114,,0,52821,0.0,156.39,469.82,0.0,,equal,,,,1.0,
exp_logs_anu/bfs relax-prec lp1/zenotravel__pp01-err-rate-0-1.yaml,zenotravel__pp01-err-rate-0-1,zenotravel,bfs,1,0,,True,2,2,,0,0,0.0,0.04,1.15,0.0,,equal,,,,1.0,
exp_logs_anu/bfs relax-prec lp1/visitall-opt11-strips__pproblem03-full-err-rate-0-3.yaml,visitall-opt11-strips__pproblem03-full-err-rate-0-3,visitall-opt11-strips,bfs,12,1,"move,(visited ?nextpos),precPos,-1",False,1,,,,,,,1.19,,,,,,,1.0,
exp_logs_anu/bfs relax-prec lp1/scanalyzer-08-strips__pp23-err-rate-0-1.yaml,scanalyzer-08-strips__pp23-err-rate-0-1,scanalyzer-08-strips,bfs,5,0,,True,6,6,,0,0,0.0,0.1,1.35,0.0,,equal,,,,1.0,
exp_logs_anu/bfs relax-prec lp1/mystery__pprob20-err-rate-0-5.yaml,mystery__pprob20-err-rate-0-5,mystery,bfs,8,2,"succumb,(attacks ?s2 ?v),precPos,-1
feast,(craves ?l2 ?n1),precPos,-1",False,1,,,,,,,1.98,,,,,,,1.0,
exp_logs_anu/bfs relax-prec lp1/scanalyzer-opt11-strips__pp11-err-rate-0-3.yaml,scanalyzer-opt11-strips__pp11-err-rate-0-3,scanalyzer-opt11-strips,bfs,10,0,,True,287,545,,0,1165,0.0,6.79,11.15,0.0,,equal,,,,1.0,
exp_logs_anu/bfs relax-prec lp1/transport-opt08-strips__pp11-err-rate-0-1.yaml,transport-opt08-strips__pp11-err-rate-0-1,transport-opt08-strips,bfs,9,0,,True,42,52,,0,0,0.0,0.84,2.77,0.0,,equal,,,,1.0,
exp_logs_anu/bfs relax-prec lp1/mprime__pprob12-err-rate-0-3.yaml,mprime__pprob12-err-rate-0-3,mprime,bfs,11,1,"feast,(locale ?n1 ?l1),effPos,1",False,,,,,,,,,,,,,Subprocess timed out after 900 seconds.,time,1.0,
exp_logs_anu/bfs relax-prec lp1/freecell__pprobfreecell-3-3-err-rate-0-5.yaml,freecell__pprobfreecell-3-3-err-rate-0-5,freecell,bfs,13,1,"sendtofree,(home ?cells),precPos,-1",False,4,,,,,,,1.32,,,,,,,1.0,
exp_logs_anu/bfs relax-prec lp1/mprime__pprob11-err-rate-0-5.yaml,mprime__pprob11-err-rate-0-5,mprime,bfs,7,0,,True,105,109,,0,0,0.0,3.22,5.23,0.0,,equal,,,,1.0,
exp_logs_anu/bfs relax-prec lp1/tpp__pp03-err-rate-0-5.yaml,tpp__pp03-err-rate-0-5,tpp,bfs,11,1,"buy,(next ?l4 ?l1),effPos,1",True,14,53,,0,75,0.0,0.23,1.69,1.0,"buy,(next ?l4 ?l1),effPos,1",equal,True,,,1.0,
exp_logs_anu/bfs relax-prec lp1/mystery__pprob09-err-rate-0-3.yaml,mystery__pprob09-err-rate-0-3,mystery,bfs,9,1,"succumb,(craves ?c ?n),effPos,1",False,,,,,,,,,,,,,Subprocess timed out after 900 seconds.,time,1.0,
exp_logs_anu/bfs relax-prec lp1/hiking-opt14-strips__pptesting-1-2-3-err-rate-0-5.yaml,hiking-opt14-strips__pptesting-1-2-3-err-rate-0-5,hiking-opt14-strips,bfs,13,1,"put_down,(next ?x2 ?x2),precPos,-1",False,1,,,,,,,1.19,,,,,,,1.0,
exp_logs_anu/bfs relax-prec lp1/freecell__pp02-err-rate-0-5.yaml,freecell__pp02-err-rate-0-5,freecell,bfs,15,1,"sendtohome-b,(colspace ?ncols),effPos,1",True,21,35,,0,27,0.0,0.62,1.96,1.0,"sendtohome,(colspace ?vcard),effPos,1",equal,False,,,1.0,
exp_logs_anu/bfs relax-prec lp1/mprime__pprob07-err-rate-0-3.yaml,mprime__pprob07-err-rate-0-3,mprime,bfs,5,0,,True,466,492,,0,0,0.0,20.45,24.39,0.0,,equal,,,,1.0,
exp_logs_anu/bfs relax-prec lp1/mprime__pprob04-err-rate-0-5.yaml,mprime__pprob04-err-rate-0-5,mprime,bfs,9,0,,False,,,,,,,,,,,,,Subprocess timed out after 900 seconds.,time,1.0,
exp_logs_anu/bfs relax-prec lp1/freecell__pp01-err-rate-0-3.yaml,freecell__pp01-err-rate-0-3,freecell,bfs,8,0,,True,9,12,,0,0,0.0,0.22,1.41,0.0,,equal,,,,1.0,
exp_logs_anu/bfs relax-prec lp1/mystery__pprob28-err-rate-0-3.yaml,mystery__pprob28-err-rate-0-3,mystery,bfs,9,1,"succumb,(fears ?c ?v),precPos,-1",True,119,351,,0,246,0.0,3.41,5.68,1.0,"succumb,(fears ?c ?v),precPos,-1",equal,True,,,1.0,
exp_logs_anu/bfs relax-prec lp1/scanalyzer-08-strips__pp28-err-rate-0-1.yaml,scanalyzer-08-strips__pp28-err-rate-0-1,scanalyzer-08-strips,bfs,15,0,,False,,,,,,,,,,,,,Subprocess timed out after 900 seconds.,time,1.0,
exp_logs_anu/bfs relax-prec lp1/mprime__pprob26-err-rate-0-3.yaml,mprime__pprob26-err-rate-0-3,mprime,bfs,6,1,"succumb,(fears ?c ?v),precPos,-1",False,,,,,,,,,,,,,Subprocess timed out after 900 seconds.,time,1.0,
exp_logs_anu/bfs relax-prec lp1/mprime__pprob25-err-rate-0-5.yaml,mprime__pprob25-err-rate-0-5,mprime,bfs,4,0,,True,12,18,,0,0,0.0,0.28,1.44,0.0,,equal,,,,1.0,
exp_logs_anu/bfs relax-prec lp1/blocks__pprobBLOCKS-6-0-err-rate-0-5.yaml,blocks__pprobBLOCKS-6-0-err-rate-0-5,blocks,bfs,12,2,"unstack,(holding ?y),effPos,1
unstack,(clear ?y),effPos,1",False,14161,,,,,,,183.11,,,,,,,1.0,
exp_logs_anu/bfs relax-prec lp1/blocks__pprobBLOCKS-5-1-err-rate-0-1.yaml,blocks__pprobBLOCKS-5-1-err-rate-0-1,blocks,bfs,10,0,,True,52,90,,0,34,0.0,0.46,1.86,0.0,,equal,,,,1.0,
exp_logs_anu/bfs relax-prec lp1/mprime__pprob33-err-rate-0-3.yaml,mprime__pprob33-err-rate-0-3,mprime,bfs,14,1,"feast,(craves ?v ?n2),effPos,1",False,,,,,,,,,,,,,Subprocess timed out after 900 seconds.,time,1.0,
exp_logs_anu/bfs relax-prec lp1/miconic__ps3-3-err-rate-0-1.yaml,miconic__ps3-3-err-rate-0-1,miconic,bfs,12,1,"depart,(destin ?f ?f),precPos,-1",False,35,,,,,,,1.86,,,,,,,1.0,
exp_logs_anu/bfs relax-prec lp1/mprime__pprob30-err-rate-0-5.yaml,mprime__pprob30-err-rate-0-5,mprime,bfs,9,0,,False,,,,,,,,,,,,,Subprocess timed out after 900 seconds.,time,1.0,
exp_logs_anu/bfs relax-prec lp1/satellite__pp02-pfile2-err-rate-0-5.yaml,satellite__pp02-pfile2-err-rate-0-5,satellite,bfs,13,2,"take_image,(have_image ?d ?m),effPos,1
take_image,(calibrated ?i),precPos,-1",False,,,,,,,,,,,,,Subprocess timed out after 900 seconds.,time,1.0,
exp_logs_anu/bfs relax-prec lp1/mystery__pprob01-err-rate-0-5.yaml,mystery__pprob01-err-rate-0-5,mystery,bfs,5,0,,True,6,9,,0,0,0.0,0.15,1.35,0.0,,equal,,,,1.0,
exp_logs_anu/bfs relax-prec lp1/scanalyzer-08-strips__pp02-err-rate-0-1.yaml,scanalyzer-08-strips__pp02-err-rate-0-1,scanalyzer-08-strips,bfs,14,0,,True,7938,40474,,0,140074,0.0,169.71,697.22,0.0,,equal,,,,1.0,
exp_logs_anu/bfs relax-prec lp1/mystery__pprob02-err-rate-0-3.yaml,mystery__pprob02-err-rate-0-3,mystery,bfs,14,0,,False,,,,,,,,,,,,,Subprocess timed out after 900 seconds.,time,1.0,
exp_logs_anu/bfs relax-prec lp1/mprime__pprob19-err-rate-0-3.yaml,mprime__pprob19-err-rate-0-3,mprime,bfs,8,0,,False,,,,,,,,,,,,,Subprocess timed out after 900 seconds.,time,1.0,
exp_logs_anu/bfs relax-prec lp1/nomystery-opt11-strips__pp11-err-rate-0-1.yaml,nomystery-opt11-strips__pp11-err-rate-0-1,nomystery-opt11-strips,bfs,12,1,"drive,(at ?t ?l2),effPos,1",False,4,,,,,,,1.72,,,,,,,1.0,
exp_logs_anu/bfs relax-prec lp1/mystery__pprob14-err-rate-0-5.yaml,mystery__pprob14-err-rate-0-5,mystery,bfs,11,2,"succumb,(harmony ?v ?s2),effPos,1
succumb,(fears ?c ?v),precPos,-1",False,,,,,,,,,,,,,Subprocess timed out after 900 seconds.,time,1.0,
exp_logs_anu/bfs relax-prec lp1/mystery__pprob17-err-rate-0-3.yaml,mystery__pprob17-err-rate-0-3,mystery,bfs,4,1,"feast,(attacks ?v ?v),effPos,1",False,22,,,,,,,2.45,,,,,,,1.0,
exp_logs_anu/bfs relax-prec lp1/scanalyzer-sat11-strips__pp01-err-rate-0-5.yaml,scanalyzer-sat11-strips__pp01-err-rate-0-5,scanalyzer-sat11-strips,bfs,10,0,,True,224,893,,0,2726,0.0,5.38,10.63,0.0,,equal,,,,1.0,
exp_logs_anu/bfs relax-prec lp1/freecell__pprobfreecell-2-2-err-rate-0-5.yaml,freecell__pprobfreecell-2-2-err-rate-0-5,freecell,bfs,8,0,,True,9,19,,0,0,0.0,0.25,1.45,0.0,,equal,,,,1.0,
exp_logs_anu/bfs relax-prec lp1/freecell__pprobfreecell-2-1-err-rate-0-3.yaml,freecell__pprobfreecell-2-1-err-rate-0-3,freecell,bfs,9,1,"sendtofree,(clear ?oldcard),effPos,1",False,25,,,,,,,2.01,,,,,,,1.0,
exp_logs_anu/bfs relax-prec lp1/mystery__pprob11-err-rate-0-1.yaml,mystery__pprob11-err-rate-0-1,mystery,bfs,7,1,"succumb,(attacks ?s1 ?c),precPos,-1",False,25,,,,,,,1.94,,,,,,,1.0,
exp_logs_anu/bfs relax-prec lp1/pegsol-08-strips__pp01-err-rate-0-3.yaml,pegsol-08-strips__pp01-err-rate-0-3,pegsol-08-strips,bfs,7,1,"jump-new-move,(move-ended ),effPos,1",True,12,172,,0,263,0.0,0.52,2.87,1.0,"jump-new-move,(move-ended ),effPos,1",equal,True,,,1.0,
exp_logs_anu/bfs relax-prec lp1/pegsol-08-strips__pp02-err-rate-0-5.yaml,pegsol-08-strips__pp02-err-rate-0-5,pegsol-08-strips,bfs,9,2,"end-move,(last-visited ?loc),precPos,-1
end-move,(move-ended ),effPos,1",False,,,,,,,,,,,,,Subprocess timed out after 900 seconds.,time,1.0,
exp_logs_anu/bfs relax-prec lp1/nomystery-opt11-strips__pp02-err-rate-0-3.yaml,nomystery-opt11-strips__pp02-err-rate-0-3,nomystery-opt11-strips,bfs,14,1,"unload,(at ?p ?l),effPos,1",False,,,,,,,,,,,,,Subprocess timed out after 900 seconds.,time,1.0,
exp_logs_anu/bfs relax-prec lp1/scanalyzer-08-strips__pp04-err-rate-0-3.yaml,scanalyzer-08-strips__pp04-err-rate-0-3,scanalyzer-08-strips,bfs,14,0,,True,4479,35829,,0,83002,0.0,120.39,760.93,0.0,,equal,,,,1.0,
exp_logs_anu/bfs relax-prec lp1/transport-sat08-strips__pp11-err-rate-0-3.yaml,transport-sat08-strips__pp11-err-rate-0-3,transport-sat08-strips,bfs,11,1,"pick-up,(capacity ?v ?s1),effPos,1",False,487,,,,,,,10.60,,,,,,,1.0,
exp_logs_anu/bfs relax-prec lp1/nomystery-opt11-strips__pp01-err-rate-0-5.yaml,nomystery-opt11-strips__pp01-err-rate-0-5,nomystery-opt11-strips,bfs,11,2,"unload,(in ?p ?t),precPos,-1
drive,(fuel ?t ?fuelpost),effPos,1",False,,,,,,,,,,,,,Subprocess timed out after 900 seconds.,time,1.0,
exp_logs_anu/bfs relax-prec lp1/mprime__pprob35-err-rate-0-1.yaml,mprime__pprob35-err-rate-0-1,mprime,bfs,6,0,,True,417,447,,0,0,0.0,11.9,14.90,0.0,,equal,,,,1.0,
exp_logs_anu/bfs relax-prec lp1/rovers__pp03-err-rate-0-5.yaml,rovers__pp03-err-rate-0-5,rovers,bfs,12,1,"communicate_image_data,(have_image ?r ?o ?m),precPos,-1",True,231,1401,,0,1208,0.0,7.96,13.79,1.0,"communicate_image_data,(have_image ?r ?o ?m),precPos,-1",equal,True,,,1.0,
exp_logs_anu/bfs relax-prec lp1/mprime__pprob20-err-rate-0-1.yaml,mprime__pprob20-err-rate-0-1,mprime,bfs,7,0,,False,,,,,,,,,,,,,Subprocess timed out after 900 seconds.,time,1.0,
exp_logs_anu/bfs relax-prec lp1/visitall-opt11-strips__pproblem03-half-err-rate-0-5.yaml,visitall-opt11-strips__pproblem03-half-err-rate-0-5,visitall-opt11-strips,bfs,7,1,"move,(visited ?nextpos),effPos,1",True,1170,1173,,0,4,0.0,16.44,20.21,1.0,"move,(visited ?nextpos),effPos,1",equal,True,,,1.0,
exp_logs_anu/bfs relax-prec lp1/mprime__pprob01-err-rate-0-1.yaml,mprime__pprob01-err-rate-0-1,mprime,bfs,5,0,,True,10,11,,0,0,0.0,0.24,1.43,0.0,,equal,,,,1.0,
exp_logs_anu/bfs relax-prec lp1/driverlog__pp01-err-rate-0-5.yaml,driverlog__pp01-err-rate-0-5,driverlog,bfs,7,0,,True,80,82,,0,0,0.0,1.43,2.82,0.0,,equal,,,,1.0,
exp_logs_anu/bfs relax-prec lp1/mprime__pprob14-err-rate-0-1.yaml,mprime__pprob14-err-rate-0-1,mprime,bfs,11,1,"feast,(equality-op ?n1 ?n1),precPos,-1",False,,,,,,,,,,,,,Subprocess timed out after 900 seconds.,time,1.0,
exp_logs_anu/bfs relax-prec lp1/visitall-opt11-strips__pproblem02-full-err-rate-0-1.yaml,visitall-opt11-strips__pproblem02-full-err-rate-0-1,visitall-opt11-strips,bfs,3,1,"move,(visited ?nextpos),effPos,1",True,8,9,,0,2,0.0,0.08,1.22,1.0,"move,(visited ?nextpos),effPos,1",equal,True,,,1.0,
exp_logs_anu/bfs relax-prec lp1/tetris-opt14-strips__pp03-4-err-rate-0-1.yaml,tetris-opt14-strips__pp03-4-err-rate-0-1,tetris-opt14-strips,bfs,10,1,"move_l_down,(clear ?xy_initial1),effPos,1",False,,,,,,,,,,,,,Subprocess timed out after 900 seconds.,time,1.0,
exp_logs_anu/bfs relax-prec lp1/zenotravel__pp04-err-rate-0-5.yaml,zenotravel__pp04-err-rate-0-5,zenotravel,bfs,9,2,"debark,(at ?p ?c),effPos,1
fly,(at ?a ?c2),effPos,1",False,7,,,,,,,1.58,,,,,,,1.0,
exp_logs_anu/bfs relax-prec lp1/scanalyzer-08-strips__pp25-err-rate-0-3.yaml,scanalyzer-08-strips__pp25-err-rate-0-3,scanalyzer-08-strips,bfs,10,0,,True,109,218,,0,414,0.0,2.5,4.97,0.0,,equal,,,,1.0,
exp_logs_anu/bfs relax-prec lp1/blocks__pprobBLOCKS-4-0-err-rate-0-1.yaml,blocks__pprobBLOCKS-4-0-err-rate-0-1,blocks,bfs,6,0,,True,57,60,,0,0,0.0,0.47,1.68,0.0,,equal,,,,1.0,
exp_logs_anu/bfs relax-prec lp1/mystery__pprob25-err-rate-0-1.yaml,mystery__pprob25-err-rate-0-1,mystery,bfs,4,0,,True,9,13,,0,0,0.0,0.2,1.40,0.0,,equal,,,,1.0,
exp_logs_anu/bfs relax-prec lp1/scanalyzer-opt11-strips__pp02-err-rate-0-1.yaml,scanalyzer-opt11-strips__pp02-err-rate-0-1,scanalyzer-opt11-strips,bfs,14,1,"analyze-2,(cycle-2-with-analysis ?s2 ?s2),precPos,-1",False,1,,,,,,,1.21,,,,,,,1.0,
exp_logs_anu/bfs relax-prec lp1/mystery__pprob30-err-rate-0-1.yaml,mystery__pprob30-err-rate-0-1,mystery,bfs,10,1,"overcome,(harmony ?v ?s1),effPos,1",False,,,,,,,,,,,,,Subprocess timed out after 900 seconds.,time,1.0,
exp_logs_anu/bfs relax-prec lp1/miconic__ps1-3-err-rate-0-5.yaml,miconic__ps1-3-err-rate-0-5,miconic,bfs,4,0,,True,5,5,,0,0,0.0,0.06,1.17,0.0,,equal,,,,1.0,
exp_logs_anu/bfs relax-prec lp1/transport-opt08-strips__pp02-err-rate-0-3.yaml,transport-opt08-strips__pp02-err-rate-0-3,transport-opt08-strips,bfs,12,0,,True,5539,5542,,0,0,0.0,95.5,115.19,0.0,,equal,,,,1.0,
exp_logs_anu/bfs relax-prec lp1/miconic__ps2-2-err-rate-0-1.yaml,miconic__ps2-2-err-rate-0-1,miconic,bfs,8,0,,True,9,15,,0,0,0.0,0.11,1.27,0.0,,equal,,,,1.0,
exp_logs_anu/bfs relax-prec lp1/transport-opt08-strips__pp01-err-rate-0-5.yaml,transport-opt08-strips__pp01-err-rate-0-5,transport-opt08-strips,bfs,5,2,"pick-up,(capacity-predecessor ?s1 ?s1),precPos,-1
drop,(capacity ?v ?s2),precPos,-1",False,1,,,,,,,1.15,,,,,,,1.0,
exp_logs_anu/bfs relax-prec lp1/miconic__ps1-0-err-rate-0-3.yaml,miconic__ps1-0-err-rate-0-3,miconic,bfs,4,0,,True,5,5,,0,0,0.0,0.06,1.19,0.0,,equal,,,,1.0,
exp_logs_anu/bfs relax-prec lp1/mprime__pprob35-err-rate-0-5.yaml,mprime__pprob35-err-rate-0-5,mprime,bfs,6,0,,True,515,541,,0,0,0.0,14.12,17.80,0.0,,equal,,,,1.0,
exp_logs_anu/bfs relax-prec lp1/rovers__pp03-err-rate-0-1.yaml,rovers__pp03-err-rate-0-1,rovers,bfs,12,0,,True,233,248,,0,3,0.0,7.46,10.16,0.0,,equal,,,,1.0,
exp_logs_anu/bfs relax-prec lp1/mprime__pprob23-err-rate-0-3.yaml,mprime__pprob23-err-rate-0-3,mprime,bfs,11,0,,False,,,,,,,,,,,,,Subprocess timed out after 900 seconds.,time,1.0,
exp_logs_anu/bfs relax-prec lp1/mprime__pprob20-err-rate-0-5.yaml,mprime__pprob20-err-rate-0-5,mprime,bfs,7,0,,False,,,,,,,,,,,,,Subprocess timed out after 900 seconds.,time,1.0,
exp_logs_anu/bfs relax-prec lp1/mystery__pprob11-err-rate-0-5.yaml,mystery__pprob11-err-rate-0-5,mystery,bfs,7,1,"succumb,(craves ?c ?n),effPos,1",True,34,35,,0,2,0.0,0.97,2.24,1.0,"succumb,(craves ?c ?n),effPos,1",equal,True,,,1.0,
exp_logs_anu/bfs relax-prec lp1/scanalyzer-opt11-strips__pp20-err-rate-0-3.yaml,scanalyzer-opt11-strips__pp20-err-rate-0-3,scanalyzer-opt11-strips,bfs,15,0,,False,,,,,,,,,,,,,Subprocess timed out after 900 seconds.,time,1.0,
exp_logs_anu/bfs relax-prec lp1/freecell__pprobfreecell-2-2-err-rate-0-1.yaml,freecell__pprobfreecell-2-2-err-rate-0-1,freecell,bfs,8,1,"sendtohome,(on ?homecard ?vcard),precPos,-1",False,2,,,,,,,1.97,,,,,,,1.0,
exp_logs_anu/bfs relax-prec lp1/mprime__pprob09-err-rate-0-3.yaml,mprime__pprob09-err-rate-0-3,mprime,bfs,11,0,,False,,,,,,,,,,,,,Subprocess timed out after 900 seconds.,time,1.0,
exp_logs_anu/bfs relax-prec lp1/pegsol-08-strips__pp02-err-rate-0-1.yaml,pegsol-08-strips__pp02-err-rate-0-1,pegsol-08-strips,bfs,9,1,"end-move,(move-ended ),precPos,-1",True,17,25,,0,20,0.0,0.72,3.63,1.0,"end-move,(move-ended ),precPos,-1",equal,True,,,1.0,
exp_logs_anu/bfs relax-prec lp1/nomystery-opt11-strips__pp01-err-rate-0-1.yaml,nomystery-opt11-strips__pp01-err-rate-0-1,nomystery-opt11-strips,bfs,11,1,"load,(connected ?l ?l),effPos,1",False,22,,,,,,,7.77,,,,,,,1.0,
exp_logs_anu/bfs relax-prec lp1/zenotravel__pp04-err-rate-0-1.yaml,zenotravel__pp04-err-rate-0-1,zenotravel,bfs,9,0,,True,1581,1590,,0,2,0.0,33.36,42.23,0.0,,equal,,,,1.0,
exp_logs_anu/bfs relax-prec lp1/tetris-opt14-strips__pp03-4-err-rate-0-5.yaml,tetris-opt14-strips__pp03-4-err-rate-0-5,tetris-opt14-strips,bfs,10,0,,False,,,,,,,,,,,,,Subprocess timed out after 900 seconds.,time,1.0,
exp_logs_anu/bfs relax-prec lp1/mprime__pprob28-err-rate-0-3.yaml,mprime__pprob28-err-rate-0-3,mprime,bfs,9,0,,True,16,21,,0,0,0.0,0.43,1.62,0.0,,equal,,,,1.0,
exp_logs_anu/bfs relax-prec lp1/mystery__pprob25-err-rate-0-5.yaml,mystery__pprob25-err-rate-0-5,mystery,bfs,4,2,"overcome,(equality-op ?c ?s1),precPos,-1
feast,(equality-op ?l2 ?v),precPos,-1",True,11,15,,0,23,0.0,0.25,1.48,2.0,"overcome,(equality-op ?c ?s1),precPos,-1
feast,(equality-op ?l2 ?v),precPos,-1",equal,True,,,1.0,
exp_logs_anu/bfs relax-prec lp1/blocks__pprobBLOCKS-4-0-err-rate-0-5.yaml,blocks__pprobBLOCKS-4-0-err-rate-0-5,blocks,bfs,6,0,,True,68,71,,0,0,0.0,0.58,1.82,0.0,,equal,,,,1.0,
exp_logs_anu/bfs relax-prec lp1/mystery__pprob26-err-rate-0-3.yaml,mystery__pprob26-err-rate-0-3,mystery,bfs,6,1,"feast,(orbits ?l2 ?l2),precPos,-1",False,4,,,,,,,1.33,,,,,,,1.0,
exp_logs_anu/bfs relax-prec lp1/transport-opt08-strips__pp01-err-rate-0-1.yaml,transport-opt08-strips__pp01-err-rate-0-1,transport-opt08-strips,bfs,5,0,,True,12,14,,0,0,0.0,0.18,1.40,0.0,,equal,,,,1.0,
exp_logs_anu/bfs relax-prec lp1/miconic__ps2-2-err-rate-0-5.yaml,miconic__ps2-2-err-rate-0-5,miconic,bfs,8,0,,True,14,16,,0,0,0.0,0.17,1.31,0.0,,equal,,,,1.0,
exp_logs_anu/bfs relax-prec lp1/miconic__ps1-3-err-rate-0-1.yaml,miconic__ps1-3-err-rate-0-1,miconic,bfs,4,1,"up,(not (lift-at ?f1)),effNeg,-1",True,5,5,,0,1,0.0,0.06,1.17,1.0,"up,(not (lift-at ?f1)),effNeg,-1",equal,True,,,1.0,
exp_logs_anu/bfs relax-prec lp1/miconic__ps2-1-err-rate-0-3.yaml,miconic__ps2-1-err-rate-0-3,miconic,bfs,8,2,"board,(served ?f),effPos,1
depart,(origin ?p ?f),precPos,-1",False,5,,,,,,,1.28,,,,,,,1.0,
exp_logs_anu/bfs relax-prec lp1/mystery__pprob30-err-rate-0-5.yaml,mystery__pprob30-err-rate-0-5,mystery,bfs,10,0,,False,,,,,,,,,,,,,Subprocess timed out after 900 seconds.,time,1.0,
exp_logs_anu/bfs relax-prec lp1/scanalyzer-opt11-strips__pp01-err-rate-0-3.yaml,scanalyzer-opt11-strips__pp01-err-rate-0-3,scanalyzer-opt11-strips,bfs,5,0,,True,6,6,,0,0,0.0,0.1,1.28,0.0,,equal,,,,1.0,
exp_logs_anu/bfs relax-prec lp1/scanalyzer-opt11-strips__pp02-err-rate-0-5.yaml,scanalyzer-opt11-strips__pp02-err-rate-0-5,scanalyzer-opt11-strips,bfs,14,1,"analyze-2,(on ?c2 ?s1),effPos,1",False,16,,,,,,,1.57,,,,,,,1.0,
exp_logs_anu/bfs relax-prec lp1/visitall-opt11-strips__pproblem03-half-err-rate-0-1.yaml,visitall-opt11-strips__pproblem03-half-err-rate-0-1,visitall-opt11-strips,bfs,7,0,,True,268,273,,0,0,0.0,3.98,5.88,0.0,,equal,,,,1.0,
exp_logs_anu/bfs relax-prec lp1/mprime__pprob02-err-rate-0-3.yaml,mprime__pprob02-err-rate-0-3,mprime,bfs,13,1,"drink,(orbits ?l22 ?l12),precPos,-1",False,,,,,,,,,,,,,Subprocess timed out after 900 seconds.,time,1.0,
exp_logs_anu/bfs relax-prec lp1/driverlog__pp01-err-rate-0-1.yaml,driverlog__pp01-err-rate-0-1,driverlog,bfs,7,1,"walk,(in ?loc-to ?loc-to),effPos,1",True,98,100,,0,9,0.0,1.74,3.18,1.0,"walk,(in ?loc-to ?loc-to),effPos,1",equal,True,,,1.0,
exp_logs_anu/bfs relax-prec lp1/mprime__pprob01-err-rate-0-5.yaml,mprime__pprob01-err-rate-0-5,mprime,bfs,5,0,,True,6,9,,0,0,0.0,0.14,1.29,0.0,,equal,,,,1.0,
exp_logs_anu/bfs relax-prec lp1/mystery__pprob19-err-rate-0-3.yaml,mystery__pprob19-err-rate-0-3,mystery,bfs,6,0,,False,,,,,,,,,,,,,Subprocess timed out after 900 seconds.,time,1.0,
exp_logs_anu/bfs relax-prec lp1/freecell__pprobfreecell-3-5-err-rate-0-3.yaml,freecell__pprobfreecell-3-5-err-rate-0-3,freecell,bfs,14,1,"sendtohome-b,(clear ?homecard),precPos,-1",False,5,,,,,,,1.36,,,,,,,1.0,
exp_logs_anu/bfs relax-prec lp1/visitall-opt11-strips__pproblem02-full-err-rate-0-5.yaml,visitall-opt11-strips__pproblem02-full-err-rate-0-5,visitall-opt11-strips,bfs,3,1,"move,(visited ?nextpos),effPos,1",True,8,9,,0,2,0.0,0.08,1.21,1.0,"move,(visited ?nextpos),effPos,1",equal,True,,,1.0,
exp_logs_anu/bfs relax-prec lp1/mprime__pprob17-err-rate-0-3.yaml,mprime__pprob17-err-rate-0-3,mprime,bfs,4,0,,True,894,922,,0,0,0.0,51.3,59.44,0.0,,equal,,,,1.0,
exp_logs_anu/bfs relax-prec lp1/mprime__pprob14-err-rate-0-5.yaml,mprime__pprob14-err-rate-0-5,mprime,bfs,11,0,,False,,,,,,,,,,,,,Subprocess timed out after 900 seconds.,time,1.0,
exp_logs_anu/bfs relax-prec lp1/mprime__pprob04-err-rate-0-3.yaml,mprime__pprob04-err-rate-0-3,mprime,bfs,9,0,,False,,,,,,,,,,,,,Subprocess timed out after 900 seconds.,time,1.0,
exp_logs_anu/bfs relax-prec lp1/freecell__pp01-err-rate-0-5.yaml,freecell__pp01-err-rate-0-5,freecell,bfs,8,1,"sendtohome-b,(incell ?suit),precPos,-1",True,10,13,,0,10,0.0,0.25,1.53,1.0,"sendtohome-b,(incell ?suit),precPos,-1",equal,True,,,1.0,
exp_logs_anu/bfs relax-prec lp1/freecell__pp02-err-rate-0-3.yaml,freecell__pp02-err-rate-0-3,freecell,bfs,15,2,"homefromfreecell,(suit ?ncells ?vhomecard),precPos,-1
sendtohome-b,(successor ?vhomecard ?vhomecard),precPos,-1",False,2,,,,,,,1.29,,,,,,,1.0,
exp_logs_anu/bfs relax-prec lp1/mprime__pprob07-err-rate-0-5.yaml,mprime__pprob07-err-rate-0-5,mprime,bfs,5,1,"drink,(attacks ?n2 ?n2),precPos,-1",False,1,,,,,,,1.20,,,,,,,1.0,
exp_logs_anu/bfs relax-prec lp1/hiking-opt14-strips__pptesting-1-2-3-err-rate-0-3.yaml,hiking-opt14-strips__pptesting-1-2-3-err-rate-0-3,hiking-opt14-strips,bfs,13,1,"drive_tent,(at_car ?x4 ?x3),effPos,1",False,,,,,,,,,,,,,Subprocess timed out after 900 seconds.,time,1.0,
exp_logs_anu/bfs relax-prec lp1/mystery__pprob09-err-rate-0-5.yaml,mystery__pprob09-err-rate-0-5,mystery,bfs,9,2,"feast,(craves ?v ?n2),effPos,1
succumb,(craves ?c ?n),effPos,1",False,,,,,,,,,,,,,Subprocess timed out after 900 seconds.,time,1.0,
exp_logs_anu/bfs relax-prec lp1/freecell__pprobfreecell-3-3-err-rate-0-3.yaml,freecell__pprobfreecell-3-3-err-rate-0-3,freecell,bfs,13,0,,True,30,37,,0,0,0.0,0.95,2.31,0.0,,equal,,,,1.0,
exp_logs_anu/bfs relax-prec lp1/mprime__pprob11-err-rate-0-3.yaml,mprime__pprob11-err-rate-0-3,mprime,bfs,7,0,,True,34,41,,0,0,0.0,1.04,2.46,0.0,,equal,,,,1.0,
exp_logs_anu/bfs relax-prec lp1/tpp__pp03-err-rate-0-3.yaml,tpp__pp03-err-rate-0-3,tpp,bfs,11,2,"load,(ready-to-load ?g ?m ?l2),precPos,-1
buy,(loaded ?g ?t ?l4),effPos,1",False,5,,,,,,,2.64,,,,,,,1.0,
exp_logs_anu/bfs relax-prec lp1/mprime__pprob12-err-rate-0-5.yaml,mprime__pprob12-err-rate-0-5,mprime,bfs,11,0,,False,,,,,,,,,,,,,Subprocess timed out after 900 seconds.,time,1.0,
exp_logs_anu/bfs relax-prec lp1/visitall-opt11-strips__pproblem03-full-err-rate-0-5.yaml,visitall-opt11-strips__pproblem03-full-err-rate-0-5,visitall-opt11-strips,bfs,12,1,"move,(visited ?nextpos),effPos,1",False,,,,,,,,,,,,,Subprocess timed out after 900 seconds.,time,1.0,
exp_logs_anu/bfs relax-prec lp1/mystery__pprob20-err-rate-0-3.yaml,mystery__pprob20-err-rate-0-3,mystery,bfs,8,1,"overcome,(fears ?c ?v),effPos,1",False,,,,,,,,,,,,,Subprocess timed out after 900 seconds.,time,1.0,
exp_logs_anu/bfs relax-prec lp1/scanalyzer-opt11-strips__pp11-err-rate-0-5.yaml,scanalyzer-opt11-strips__pp11-err-rate-0-5,scanalyzer-opt11-strips,bfs,10,0,,True,1230,2729,,0,6374,0.0,29.19,47.18,0.0,,equal,,,,1.0,
exp_logs_anu/bfs relax-prec lp1/zenotravel__pp02-err-rate-0-1.yaml,zenotravel__pp02-err-rate-0-1,zenotravel,bfs,8,1,"fly,(at ?c2 ?l1),effPos,1",False,13,,,,,,,1.39,,,,,,,1.0,
exp_logs_anu/bfs relax-prec lp1/scanalyzer-opt11-strips__pp04-err-rate-0-5.yaml,scanalyzer-opt11-strips__pp04-err-rate-0-5,scanalyzer-opt11-strips,bfs,14,0,,False,,,,,,,,,,,,,Subprocess timed out after 900 seconds.,time,1.0,
exp_logs_anu/bfs relax-prec lp1/miconic__ps2-4-err-rate-0-5.yaml,miconic__ps2-4-err-rate-0-5,miconic,bfs,9,2,"board,(destin ?f ?p),precPos,-1
up,(passenger ?f1),effPos,1",False,4,,,,,,,1.20,,,,,,,1.0,
exp_logs_anu/bfs relax-prec lp1/miconic__ps4-0-err-rate-0-1.yaml,miconic__ps4-0-err-rate-0-1,miconic,bfs,15,1,"depart,(origin ?p ?f),precPos,-1",False,76,,,,,,,2.84,,,,,,,1.0,
exp_logs_anu/bfs relax-prec lp1/depot__pp01-err-rate-0-1.yaml,depot__pp01-err-rate-0-1,depot,bfs,10,1,"drop,(in ?p ?z),precPos,-1",True,68,89,,0,29,0.0,1.34,3.12,1.0,"drop,(in ?p ?z),precPos,-1",equal,True,,,1.0,
exp_logs_anu/bfs relax-prec lp1/transport-opt14-strips__pp01-err-rate-0-5.yaml,transport-opt14-strips__pp01-err-rate-0-5,transport-opt14-strips,bfs,13,1,"pick-up,(road ?l ?l),precPos,-1",False,1,,,,,,,1.19,,,,,,,1.0,
exp_logs_anu/bfs relax-prec lp1/gripper__pprob01-err-rate-0-3.yaml,gripper__pprob01-err-rate-0-3,gripper,bfs,11,1,"pick,(carry ?obj ?gripper),effPos,1",True,257,688,,0,639,0.0,2.98,6.12,1.0,"drop,(carry ?obj ?gripper),precPos,-1",equal,False,,,1.0,
exp_logs_anu/bfs relax-prec lp1/visitall-opt11-strips__pproblem02-half-err-rate-0-1.yaml,visitall-opt11-strips__pproblem02-half-err-rate-0-1,visitall-opt11-strips,bfs,1,0,,True,2,2,,0,0,0.0,0.03,1.15,0.0,,equal,,,,1.0,
exp_logs_anu/bfs relax-prec lp1/scanalyzer-sat11-strips__pp01-err-rate-0-3.yaml,scanalyzer-sat11-strips__pp01-err-rate-0-3,scanalyzer-sat11-strips,bfs,10,0,,True,677,1074,,0,1616,0.0,16.58,25.64,0.0,,equal,,,,1.0,
exp_logs_anu/bfs relax-prec lp1/freecell__pprobfreecell-2-4-err-rate-0-1.yaml,freecell__pprobfreecell-2-4-err-rate-0-1,freecell,bfs,8,1,"sendtohome,(clear ?oldcard),effPos,1",False,65,,,,,,,3.68,,,,,,,1.0,
exp_logs_anu/bfs relax-prec lp1/mystery__pprob17-err-rate-0-5.yaml,mystery__pprob17-err-rate-0-5,mystery,bfs,4,0,,True,324,355,,0,0,0.0,18.38,21.90,0.0,,equal,,,,1.0,
exp_logs_anu/bfs relax-prec lp1/nomystery-opt11-strips__pp12-err-rate-0-1.yaml,nomystery-opt11-strips__pp12-err-rate-0-1,nomystery-opt11-strips,bfs,15,0,,True,520,526,,0,0,0.0,556.58,600.25,0.0,,equal,,,,1.0,
exp_logs_anu/bfs relax-prec lp1/transport-sat08-strips__pp01-err-rate-0-1.yaml,transport-sat08-strips__pp01-err-rate-0-1,transport-sat08-strips,bfs,6,1,"drop,(capacity-predecessor ?s2 ?s1),precPos,-1",False,17,,,,,,,3.22,,,,,,,1.0,
exp_logs_anu/bfs relax-prec lp1/logistics98__pprob31-err-rate-0-1.yaml,logistics98__pprob31-err-rate-0-1,logistics98,bfs,14,0,,False,,,,,,,,,,,,,Subprocess timed out after 900 seconds.,time,1.0,
exp_logs_anu/bfs relax-prec lp1/mystery__pprob14-err-rate-0-3.yaml,mystery__pprob14-err-rate-0-3,mystery,bfs,11,1,"feast,(harmony ?n2 ?v),effPos,1",False,463,,,,,,,47.04,,,,,,,1.0,
exp_logs_anu/bfs relax-prec lp1/mprime__pprob19-err-rate-0-5.yaml,mprime__pprob19-err-rate-0-5,mprime,bfs,8,1,"succumb,(harmony ?v ?s1),precPos,-1",False,,,,,,,,,,,,,Subprocess timed out after 900 seconds.,time,1.0,
exp_logs_anu/bfs relax-prec lp1/scanalyzer-08-strips__pp01-err-rate-0-1.yaml,scanalyzer-08-strips__pp01-err-rate-0-1,scanalyzer-08-strips,bfs,10,0,,True,44,236,,0,358,0.0,0.93,2.83,0.0,,equal,,,,1.0,
exp_logs_anu/bfs relax-prec lp1/mystery__pprob02-err-rate-0-5.yaml,mystery__pprob02-err-rate-0-5,mystery,bfs,14,2,"succumb,(craves ?c ?n),effPos,1
overcome,(harmony ?v ?s1),effPos,1",False,,,,,,,,,,,,,Subprocess timed out after 900 seconds.,time,1.0,
exp_logs_anu/bfs relax-prec lp1/mystery__pprob01-err-rate-0-3.yaml,mystery__pprob01-err-rate-0-3,mystery,bfs,5,1,"succumb,(craves ?c ?n),effPos,1",True,17,18,,0,2,0.0,0.41,1.61,1.0,"succumb,(craves ?c ?n),effPos,1",equal,True,,,1.0,
exp_logs_anu/bfs relax-prec lp1/satellite__pp01-pfile1-err-rate-0-1.yaml,satellite__pp01-pfile1-err-rate-0-1,satellite,bfs,9,0,,True,82,98,,0,0,0.0,1.33,3.21,0.0,,equal,,,,1.0,
exp_logs_anu/bfs relax-prec lp1/satellite__pp02-pfile2-err-rate-0-3.yaml,satellite__pp02-pfile2-err-rate-0-3,satellite,bfs,13,2,"switch_on,(power_on ?i),effPos,1
turn_to,(pointing ?s ?d_new),effPos,1",True,148,1241,,0,3484,0.0,3.1,9.09,2.0,"switch_on,(power_on ?i),effPos,1
turn_to,(pointing ?s ?d_new),effPos,1",equal,True,,,1.0,
exp_logs_anu/bfs relax-prec lp1/pegsol-08-strips__pp04-err-rate-0-1.yaml,pegsol-08-strips__pp04-err-rate-0-1,pegsol-08-strips,bfs,13,0,,True,26,43,,0,0,0.0,1.12,2.44,0.0,,equal,,,,1.0,
exp_logs_anu/bfs relax-prec lp1/mprime__pprob30-err-rate-0-3.yaml,mprime__pprob30-err-rate-0-3,mprime,bfs,9,0,,False,,,,,,,,,,,,,Subprocess timed out after 900 seconds.,time,1.0,
exp_logs_anu/bfs relax-prec lp1/miconic__ps3-0-err-rate-0-1.yaml,miconic__ps3-0-err-rate-0-1,miconic,bfs,13,1,"up,(lift-at ?f2),effPos,1",True,64,234,,0,387,0.0,1.02,2.55,1.0,"up,(lift-at ?f2),effPos,1",equal,True,,,1.0,
exp_logs_anu/bfs relax-prec lp1/hiking-opt14-strips__pptesting-2-2-3-err-rate-0-1.yaml,hiking-opt14-strips__pptesting-2-2-3-err-rate-0-1,hiking-opt14-strips,bfs,10,0,,True,165,223,,0,0,0.0,2.79,4.64,0.0,,equal,,,,1.0,
exp_logs_anu/bfs relax-prec lp1/mprime__pprob33-err-rate-0-5.yaml,mprime__pprob33-err-rate-0-5,mprime,bfs,14,1,"drink,(locale ?n1 ?l11),precPos,-1",False,,,,,,,,,,,,,Subprocess timed out after 900 seconds.,time,1.0,
exp_logs_anu/bfs relax-prec lp1/blocks__pprobBLOCKS-6-0-err-rate-0-3.yaml,blocks__pprobBLOCKS-6-0-err-rate-0-3,blocks,bfs,12,2,"pick-up,(on ?x ?x),effPos,1
unstack,(on ?x ?x),effPos,1",False,3,,,,,,,1.25,,,,,,,1.0,
exp_logs_anu/bfs relax-prec lp1/mprime__pprob25-err-rate-0-3.yaml,mprime__pprob25-err-rate-0-3,mprime,bfs,4,0,,True,9,16,,0,0,0.0,0.21,1.36,0.0,,equal,,,,1.0,
exp_logs_anu/bfs relax-prec lp1/mprime__pprob26-err-rate-0-5.yaml,mprime__pprob26-err-rate-0-5,mprime,bfs,6,0,,False,,,,,,,,,,,,,Subprocess timed out after 900 seconds.,time,1.0,
exp_logs_anu/bfs relax-prec lp1/mystery__pprob28-err-rate-0-5.yaml,mystery__pprob28-err-rate-0-5,mystery,bfs,9,2,"feast,(locale ?v ?l2),precPos,-1
overcome,(orbits ?c ?s1),precPos,-1",False,1,,,,,,,1.21,,,,,,,1.0,
exp_logs_anu/bfs relax-prec lp1/visitall-opt11-strips__pproblem03-full-err-rate-0-1.yaml,visitall-opt11-strips__pproblem03-full-err-rate-0-1,visitall-opt11-strips,bfs,12,1,"move,(at-robot ?curpos),precPos,-1",False,,,,,,,,,,,,,Subprocess timed out after 900 seconds.,time,1.0,
exp_logs_anu/bfs relax-prec lp1/scanalyzer-08-strips__pp23-err-rate-0-3.yaml,scanalyzer-08-strips__pp23-err-rate-0-3,scanalyzer-08-strips,bfs,5,0,,True,6,6,,0,0,0.0,0.1,1.27,0.0,,equal,,,,1.0,
exp_logs_anu/bfs relax-prec lp1/scanalyzer-opt11-strips__pp11-err-rate-0-1.yaml,scanalyzer-opt11-strips__pp11-err-rate-0-1,scanalyzer-opt11-strips,bfs,10,1,"analyze-4,(analyzed ?c3),effPos,1",False,,,,,,,,,,,,,Subprocess timed out after 900 seconds.,time,1.0,
exp_logs_anu/bfs relax-prec lp1/transport-opt08-strips__pp11-err-rate-0-3.yaml,transport-opt08-strips__pp11-err-rate-0-3,transport-opt08-strips,bfs,9,1,"pick-up,(in ?p ?v),effPos,1",True,108,247,,0,172,0.0,1.67,3.77,1.0,"drop,(in ?p ?v),precPos,-1",equal,False,,,1.0,
exp_logs_anu/bfs relax-prec lp1/zenotravel__pp02-err-rate-0-5.yaml,zenotravel__pp02-err-rate-0-5,zenotravel,bfs,8,0,,True,22,29,,0,2,0.0,0.37,1.59,0.0,,equal,,,,1.0,
exp_logs_anu/bfs relax-prec lp1/zenotravel__pp01-err-rate-0-3.yaml,zenotravel__pp01-err-rate-0-3,zenotravel,bfs,1,0,,True,2,2,,0,0,0.0,0.04,1.16,0.0,,equal,,,,1.0,
exp_logs_anu/bfs relax-prec lp1/miconic__ps4-0-err-rate-0-5.yaml,miconic__ps4-0-err-rate-0-5,miconic,bfs,15,2,"depart,(boarded ?p),precPos,-1
board,(served ?p),effPos,1",True,253,276,,0,232,0.0,4.99,6.82,2.0,"depart,(boarded ?p),precPos,-1
board,(served ?p),effPos,1",equal,True,,,1.0,
exp_logs_anu/bfs relax-prec lp1/miconic__ps2-4-err-rate-0-1.yaml,miconic__ps2-4-err-rate-0-1,miconic,bfs,9,0,,True,18,23,,0,0,0.0,0.23,2.15,0.0,,equal,,,,1.0,
exp_logs_anu/bfs relax-prec lp1/scanalyzer-opt11-strips__pp04-err-rate-0-1.yaml,scanalyzer-opt11-strips__pp04-err-rate-0-1,scanalyzer-opt11-strips,bfs,14,0,,False,,,,,,,,,,,,,Subprocess timed out after 900 seconds.,time,1.0,
exp_logs_anu/bfs relax-prec lp1/transport-opt14-strips__pp01-err-rate-0-1.yaml,transport-opt14-strips__pp01-err-rate-0-1,transport-opt14-strips,bfs,13,1,"pick-up,(not (capacity ?v ?s2)),effNeg,-1",False,,,,,,,,,,,,,Subprocess timed out after 900 seconds.,time,1.0,
exp_logs_anu/bfs relax-prec lp1/visitall-opt11-strips__pproblem02-half-err-rate-0-5.yaml,visitall-opt11-strips__pproblem02-half-err-rate-0-5,visitall-opt11-strips,bfs,1,0,,True,2,2,,0,0,0.0,0.03,1.14,0.0,,equal,,,,1.0,
exp_logs_anu/bfs relax-prec lp1/depot__pp01-err-rate-0-5.yaml,depot__pp01-err-rate-0-5,depot,bfs,10,3,"drive,(at ?x ?z),effPos,1
lift,(clear ?z),effPos,1
load,(in ?y ?z),effPos,1",False,16,,,,,,,1.48,,,,,,,1.0,
exp_logs_anu/bfs relax-prec lp1/mprime__pprob07-err-rate-0-1.yaml,mprime__pprob07-err-rate-0-1,mprime,bfs,5,0,,True,293,326,,0,0,0.0,11.93,14.85,0.0,,equal,,,,1.0,
exp_logs_anu/bfs relax-prec lp1/freecell__pp01-err-rate-0-1.yaml,freecell__pp01-err-rate-0-1,freecell,bfs,8,0,,True,9,10,,0,0,0.0,0.22,1.42,0.0,,equal,,,,1.0,
exp_logs_anu/bfs relax-prec lp1/mystery__pprob09-err-rate-0-1.yaml,mystery__pprob09-err-rate-0-1,mystery,bfs,9,1,"succumb,(craves ?c ?n),effPos,1",False,,,,,,,,,,,,,Subprocess timed out after 900 seconds.,time,1.0,
exp_logs_anu/bfs relax-prec lp1/mprime__pprob12-err-rate-0-1.yaml,mprime__pprob12-err-rate-0-1,mprime,bfs,11,1,"feast,(locale ?l1 ?l1),effPos,1",False,10512,,,,,,,413.61,,,,,,,1.0,
exp_logs_anu/bfs relax-prec lp1/miconic__ps3-3-err-rate-0-3.yaml,miconic__ps3-3-err-rate-0-3,miconic,bfs,12,2,"board,(origin ?f ?f),effPos,1
depart,(origin ?p ?p),precPos,-1",False,9,,,,,,,1.33,,,,,,,1.0,
exp_logs_anu/bfs relax-prec lp1/mprime__pprob33-err-rate-0-1.yaml,mprime__pprob33-err-rate-0-1,mprime,bfs,14,0,,False,,,,,,,,,,,,,Subprocess timed out after 900 seconds.,time,1.0,
exp_logs_anu/bfs relax-prec lp1/miconic__ps3-0-err-rate-0-5.yaml,miconic__ps3-0-err-rate-0-5,miconic,bfs,13,0,,True,48,59,,0,0,0.0,0.76,2.05,0.0,,equal,,,,1.0,
exp_logs_anu/bfs relax-prec lp1/hiking-opt14-strips__pptesting-2-2-3-err-rate-0-5.yaml,hiking-opt14-strips__pptesting-2-2-3-err-rate-0-5,hiking-opt14-strips,bfs,10,0,,True,222,270,,0,0,0.0,3.88,6.10,0.0,,equal,,,,1.0,
exp_logs_anu/bfs relax-prec lp1/mprime__pprob26-err-rate-0-1.yaml,mprime__pprob26-err-rate-0-1,mprime,bfs,6,0,,False,,,,,,,,,,,,,Subprocess timed out after 900 seconds.,time,1.0,
exp_logs_anu/bfs relax-prec lp1/blocks__pprobBLOCKS-5-1-err-rate-0-3.yaml,blocks__pprobBLOCKS-5-1-err-rate-0-3,blocks,bfs,10,2,"unstack,(holding ?x),effPos,1
stack,(on ?x ?y),effPos,1",True,265,339,,0,414,0.0,2.3,4.10,2.0,"unstack,(holding ?x),effPos,1
stack,(on ?x ?y),effPos,1",equal,True,,,1.0,
exp_logs_anu/bfs relax-prec lp1/mystery__pprob28-err-rate-0-1.yaml,mystery__pprob28-err-rate-0-1,mystery,bfs,9,1,"overcome,(province ?s2),precPos,-1",False,11,,,,,,,1.46,,,,,,,1.0,
exp_logs_anu/bfs relax-prec lp1/scanalyzer-08-strips__pp28-err-rate-0-3.yaml,scanalyzer-08-strips__pp28-err-rate-0-3,scanalyzer-08-strips,bfs,15,0,,False,,,,,,,,,,,,,Subprocess timed out after 900 seconds.,time,1.0,
exp_logs_anu/bfs relax-prec lp1/logistics98__pprob31-err-rate-0-5.yaml,logistics98__pprob31-err-rate-0-5,logistics98,bfs,14,3,"load-truck,(in ?truck ?truck),precPos,-1
fly-airplane,(equality-op ?airplane ?loc-to),precPos,-1
unload-airplane,(in ?loc ?loc),precPos,-1",False,,,,,,,,,,,,,Subprocess timed out after 900 seconds.,time,1.0,
exp_logs_anu/bfs relax-prec lp1/nomystery-opt11-strips__pp11-err-rate-0-3.yaml,nomystery-opt11-strips__pp11-err-rate-0-3,nomystery-opt11-strips,bfs,12,1,"load,(in ?p ?t),effPos,1",True,65,83,,0,43,0.0,8.17,10.08,1.0,"load,(in ?p ?t),effPos,1",equal,True,,,1.0,
exp_logs_anu/bfs relax-prec lp1/nomystery-opt11-strips__pp12-err-rate-0-5.yaml,nomystery-opt11-strips__pp12-err-rate-0-5,nomystery-opt11-strips,bfs,15,0,,True,346,353,,0,0,0.0,374.47,403.96,0.0,,equal,,,,1.0,
exp_logs_anu/bfs relax-prec lp1/mystery__pprob17-err-rate-0-1.yaml,mystery__pprob17-err-rate-0-1,mystery,bfs,4,0,,True,489,514,,0,0,0.0,27.74,32.52,0.0,,equal,,,,1.0,
exp_logs_anu/bfs relax-prec lp1/transport-sat08-strips__pp01-err-rate-0-5.yaml,transport-sat08-strips__pp01-err-rate-0-5,transport-sat08-strips,bfs,6,1,"pick-up,(capacity-predecessor ?s2 ?s2),precPos,-1",False,1,,,,,,,1.16,,,,,,,1.0,
exp_logs_anu/bfs relax-prec lp1/freecell__pprobfreecell-2-4-err-rate-0-5.yaml,freecell__pprobfreecell-2-4-err-rate-0-5,freecell,bfs,8,0,,True,9,14,,0,0,0.0,0.25,1.45,0.0,,equal,,,,1.0,
exp_logs_anu/bfs relax-prec lp1/mprime__pprob19-err-rate-0-1.yaml,mprime__pprob19-err-rate-0-1,mprime,bfs,8,0,,False,,,,,,,,,,,,,Subprocess timed out after 900 seconds.,time,1.0,
exp_logs_anu/bfs relax-prec lp1/scanalyzer-08-strips__pp02-err-rate-0-3.yaml,scanalyzer-08-strips__pp02-err-rate-0-3,scanalyzer-08-strips,bfs,14,1,"analyze-2,(on ?c2 ?s1),effPos,1",False,16,,,,,,,1.53,,,,,,,1.0,
exp_logs_anu/bfs relax-prec lp1/satellite__pp01-pfile1-err-rate-0-5.yaml,satellite__pp01-pfile1-err-rate-0-5,satellite,bfs,9,2,"calibrate,(pointing ?d ?i),precPos,-1
switch_on,(calibrated ?i),precPos,-1",False,9,,,,,,,2.49,,,,,,,1.0,
exp_logs_anu/bfs relax-prec lp1/mystery__pprob02-err-rate-0-1.yaml,mystery__pprob02-err-rate-0-1,mystery,bfs,14,1,"feast,(locale ?n1 ?l1),effPos,1",False,,,,,,,,,,,,,Subprocess timed out after 900 seconds.,time,1.0,
exp_logs_anu/bfs relax-prec lp1/scanalyzer-08-strips__pp01-err-rate-0-5.yaml,scanalyzer-08-strips__pp01-err-rate-0-5,scanalyzer-08-strips,bfs,10,1,"analyze-2,(analyzed ?c2),effPos,1",False,,,,,,,,,,,,,Subprocess timed out after 900 seconds.,time,1.0,
exp_logs_anu/bfs relax-prec lp1/pegsol-08-strips__pp04-err-rate-0-5.yaml,pegsol-08-strips__pp04-err-rate-0-5,pegsol-08-strips,bfs,13,2,"jump-new-move,(in-line ?over ?over ?to),precPos,-1
end-move,(in-line ?loc ?loc ?loc),precPos,-1",False,1,,,,,,,1.92,,,,,,,1.0,
exp_logs_anu/bfs relax-prec lp1/scanalyzer-08-strips__pp24-err-rate-0-3.yaml,scanalyzer-08-strips__pp24-err-rate-0-3,scanalyzer-08-strips,bfs,5,0,,True,6,6,,0,0,0.0,0.1,1.27,0.0,,equal,,,,1.0,
exp_logs_anu/bfs relax-prec lp1/blocks__pprobBLOCKS-4-1-err-rate-0-1.yaml,blocks__pprobBLOCKS-4-1-err-rate-0-1,blocks,bfs,10,0,,True,16,25,,0,8,0.0,0.14,1.29,0.0,,equal,,,,1.0,
exp_logs_anu/bfs relax-prec lp1/zenotravel__pp06-err-rate-0-3.yaml,zenotravel__pp06-err-rate-0-3,zenotravel,bfs,12,2,"board,(next ?p ?p),precPos,-1
fly,(in ?l1 ?l2),precPos,-1",False,9,,,,,,,1.45,,,,,,,1.0,
exp_logs_anu/bfs relax-prec lp1/zenotravel__pp05-err-rate-0-5.yaml,zenotravel__pp05-err-rate-0-5,zenotravel,bfs,12,0,,True,138,150,,0,0,0.0,2.54,4.63,0.0,,equal,,,,1.0,
exp_logs_anu/bfs relax-prec lp1/miconic__ps1-1-err-rate-0-3.yaml,miconic__ps1-1-err-rate-0-3,miconic,bfs,3,0,,True,4,4,,0,0,0.0,0.05,1.16,0.0,,equal,,,,1.0,
exp_logs_anu/bfs relax-prec lp1/miconic__ps2-3-err-rate-0-1.yaml,miconic__ps2-3-err-rate-0-1,miconic,bfs,7,1,"board,(lift-at ?p),precPos,-1",False,4,,,,,,,1.21,,,,,,,1.0,
exp_logs_anu/bfs relax-prec lp1/miconic__ps1-2-err-rate-0-5.yaml,miconic__ps1-2-err-rate-0-5,miconic,bfs,4,2,"depart,(lift-at ?p),precPos,-1
board,(destin ?p ?f),precPos,-1",False,2,,,,,,,1.19,,,,,,,1.0,
exp_logs_anu/bfs relax-prec lp1/driverlog__pp03-err-rate-0-3.yaml,driverlog__pp03-err-rate-0-3,driverlog,bfs,13,0,,True,159,168,,0,1,0.0,3.37,5.21,0.0,,equal,,,,1.0,
exp_logs_anu/bfs relax-prec lp1/mprime__pprob15-err-rate-0-1.yaml,mprime__pprob15-err-rate-0-1,mprime,bfs,6,1,"overcome,(fears ?c ?s2),precPos,-1",False,,,,,,,,,,,,,Subprocess timed out after 900 seconds.,time,1.0,
exp_logs_anu/bfs relax-prec lp1/miconic__ps3-4-err-rate-0-3.yaml,miconic__ps3-4-err-rate-0-3,miconic,bfs,11,2,"up,(lift-at ?f2),effPos,1
up,(lift-at ?f1),effPos,1",True,75,247,,0,475,0.0,1.18,2.74,2.0,"up,(lift-at ?f2),effPos,1
up,(lift-at ?f1),effPos,1",equal,True,,,1.0,
exp_logs_anu/bfs relax-prec lp1/mprime__pprob34-err-rate-0-1.yaml,mprime__pprob34-err-rate-0-1,mprime,bfs,4,0,,True,343,358,,0,0,0.0,14.45,17.62,0.0,,equal,,,,1.0,
exp_logs_anu/bfs relax-prec lp1/hiking-agl14-strips__ptesting-4-5-3-err-rate-0-3.yaml,hiking-agl14-strips__ptesting-4-5-3-err-rate-0-3,hiking-agl14-strips,bfs,14,0,,True,145,425,,0,0,0.0,3.59,5.88,0.0,,equal,,,,1.0,
exp_logs_anu/bfs relax-prec lp1/mprime__pprob21-err-rate-0-1.yaml,mprime__pprob21-err-rate-0-1,mprime,bfs,7,1,"feast,(fears ?v ?v),precPos,-1",True,3801,3862,,0,3861,0.0,236.95,274.65,1.0,"feast,(fears ?v ?v),precPos,-1",equal,True,,,1.0,
exp_logs_anu/bfs relax-prec lp1/rovers__pp01-err-rate-0-3.yaml,rovers__pp01-err-rate-0-3,rovers,bfs,10,1,"take_image,(calibrated ?i ?r),precPos,-1",True,66,67,,0,65,0.0,1.89,3.31,1.0,"take_image,(calibrated ?i ?r),precPos,-1",equal,True,,,1.0,
exp_logs_anu/bfs relax-prec lp1/rovers__pp02-err-rate-0-5.yaml,rovers__pp02-err-rate-0-5,rovers,bfs,8,2,"drop,(equipped_for_soil_analysis ?x),effPos,1
communicate_image_data,(at_lander ?l ?y),effPos,1",True,84,103,,0,107,0.0,2.37,4.02,2.0,"drop,(equipped_for_soil_analysis ?x),effPos,1
communicate_image_data,(at_lander ?l ?y),effPos,1",equal,True,,,1.0,
exp_logs_anu/bfs relax-prec lp1/transport-opt08-strips__pp21-err-rate-0-5.yaml,transport-opt08-strips__pp21-err-rate-0-5,transport-opt08-strips,bfs,8,0,,True,9,23,,0,0,0.0,0.13,1.66,0.0,,equal,,,,1.0,
exp_logs_anu/bfs relax-prec lp1/freecell__pprobfreecell-2-3-err-rate-0-5.yaml,freecell__pprobfreecell-2-3-err-rate-0-5,freecell,bfs,8,0,,True,9,11,,0,0,0.0,0.24,1.53,0.0,,equal,,,,1.0,
exp_logs_anu/bfs relax-prec lp1/transport-opt08-strips__pp22-err-rate-0-3.yaml,transport-opt08-strips__pp22-err-rate-0-3,transport-opt08-strips,bfs,12,1,"drive,(at ?v ?l2),effPos,1",False,6,,,,,,,2.90,,,,,,,1.0,
exp_logs_anu/bfs relax-prec lp1/mystery__pprob10-err-rate-0-1.yaml,mystery__pprob10-err-rate-0-1,mystery,bfs,8,0,,False,,,,,,,,,,,,,Subprocess timed out after 900 seconds.,time,1.0,
exp_logs_anu/bfs relax-prec lp1/pegsol-08-strips__pp03-err-rate-0-5.yaml,pegsol-08-strips__pp03-err-rate-0-5,pegsol-08-strips,bfs,10,2,"jump-new-move,(not (move-ended )),effNeg,-1
jump-continue-move,(in-line ?to ?from ?to),precPos,-1",False,167,,,,,,,9.59,,,,,,,1.0,
exp_logs_anu/bfs relax-prec lp1/mprime__pprob03-err-rate-0-3.yaml,mprime__pprob03-err-rate-0-3,mprime,bfs,6,1,"succumb,(harmony ?v ?s1),precPos,-1",False,,,,,,,,,,,,,Subprocess timed out after 900 seconds.,time,1.0,
exp_logs_anu/bfs relax-prec lp1/scanalyzer-sat11-strips__pp18-err-rate-0-3.yaml,scanalyzer-sat11-strips__pp18-err-rate-0-3,scanalyzer-sat11-strips,bfs,15,0,,False,,,,,,,,,,,,,Subprocess timed out after 900 seconds.,time,1.0,
exp_logs_anu/bfs relax-prec lp1/mprime__pprob15-err-rate-0-5.yaml,mprime__pprob15-err-rate-0-5,mprime,bfs,6,0,,False,,,,,,,,,,,,,Subprocess timed out after 900 seconds.,time,1.0,
exp_logs_anu/bfs relax-prec lp1/tpp__pp04-err-rate-0-3.yaml,tpp__pp04-err-rate-0-3,tpp,bfs,14,1,"buy,(loaded ?g ?t ?l2),effPos,1",True,158,256,,0,102,0.0,2.6,4.31,1.0,"buy,(loaded ?g ?t ?l2),effPos,1",equal,True,,,1.0,
exp_logs_anu/bfs relax-prec lp1/mprime__pprob16-err-rate-0-3.yaml,mprime__pprob16-err-rate-0-3,mprime,bfs,7,0,,False,,,,,,,,,,,,,Subprocess timed out after 900 seconds.,time,1.0,
exp_logs_anu/bfs relax-prec lp1/freecell__pprobfreecell-3-4-err-rate-0-3.yaml,freecell__pprobfreecell-3-4-err-rate-0-3,freecell,bfs,12,0,,True,15,24,,0,0,0.0,0.47,1.80,0.0,,equal,,,,1.0,
exp_logs_anu/bfs relax-prec lp1/blocks__pprobBLOCKS-4-1-err-rate-0-5.yaml,blocks__pprobBLOCKS-4-1-err-rate-0-5,blocks,bfs,10,2,"unstack,(clear ?y),effPos,1
stack,(holding ?x),precPos,-1",True,245,258,,0,526,0.0,2.07,3.98,3.0,"stack,(clear ?y),precPos,-1
stack,(on ?y ?x),effPos,1
put-down,(holding ?x),precPos,-1",longer,False,,,1.0,
exp_logs_anu/bfs relax-prec lp1/mystery__pprob27-err-rate-0-3.yaml,mystery__pprob27-err-rate-0-3,mystery,bfs,5,1,"feast,(attacks ?l2 ?v),precPos,-1",False,10,,,,,,,1.55,,,,,,,1.0,
exp_logs_anu/bfs relax-prec lp1/blocks__pprobBLOCKS-4-2-err-rate-0-3.yaml,blocks__pprobBLOCKS-4-2-err-rate-0-3,blocks,bfs,6,2,"stack,(equality-op ?y ?y),precPos,-1
pick-up,(on ?x ?x),precPos,-1",False,5,,,,,,,1.20,,,,,,,1.0,
exp_logs_anu/bfs relax-prec lp1/zenotravel__pp05-err-rate-0-1.yaml,zenotravel__pp05-err-rate-0-1,zenotravel,bfs,12,1,"fly,(fuel-level ?a ?c2),precPos,-1",False,2,,,,,,,1.43,,,,,,,1.0,
exp_logs_anu/bfs relax-prec lp1/mprime__pprob29-err-rate-0-3.yaml,mprime__pprob29-err-rate-0-3,mprime,bfs,4,0,,True,53,58,,0,0,0.0,1.76,3.16,0.0,,equal,,,,1.0,
exp_logs_anu/bfs relax-prec lp1/miconic__ps2-0-err-rate-0-3.yaml,miconic__ps2-0-err-rate-0-3,miconic,bfs,8,2,"up,(lift-at ?f2),effPos,1
depart,(served ?p),effPos,1",True,19,53,,0,84,0.0,0.22,1.42,2.0,"up,(lift-at ?f2),effPos,1
depart,(served ?p),effPos,1",equal,True,,,1.0,
exp_logs_anu/bfs relax-prec lp1/miconic__ps1-2-err-rate-0-1.yaml,miconic__ps1-2-err-rate-0-1,miconic,bfs,4,0,,True,5,5,,0,0,0.0,0.06,1.16,0.0,,equal,,,,1.0,
exp_logs_anu/bfs relax-prec lp1/miconic__ps2-3-err-rate-0-5.yaml,miconic__ps2-3-err-rate-0-5,miconic,bfs,7,1,"up,(equality-op ?f1 ?f1),precPos,-1",True,9,12,,0,11,0.0,0.12,1.35,1.0,"up,(equality-op ?f1 ?f1),precPos,-1",equal,True,,,1.0,
exp_logs_anu/bfs relax-prec lp1/mystery__pprob10-err-rate-0-5.yaml,mystery__pprob10-err-rate-0-5,mystery,bfs,8,2,"feast,(orbits ?l2 ?v),precPos,-1
overcome,(craves ?s1 ?n),precPos,-1",False,1,,,,,,,2.94,,,,,,,1.0,
exp_logs_anu/bfs relax-prec lp1/freecell__pprobfreecell-2-3-err-rate-0-1.yaml,freecell__pprobfreecell-2-3-err-rate-0-1,freecell,bfs,8,0,,True,9,11,,0,0,0.0,0.24,1.52,0.0,,equal,,,,1.0,
exp_logs_anu/bfs relax-prec lp1/transport-opt08-strips__pp21-err-rate-0-1.yaml,transport-opt08-strips__pp21-err-rate-0-1,transport-opt08-strips,bfs,8,0,,True,30,37,,0,0,0.0,0.44,1.64,0.0,,equal,,,,1.0,
exp_logs_anu/bfs relax-prec lp1/mprime__pprob08-err-rate-0-3.yaml,mprime__pprob08-err-rate-0-3,mprime,bfs,7,0,,False,,,,,,,,,,,,,Subprocess timed out after 900 seconds.,time,1.0,
exp_logs_anu/bfs relax-prec lp1/pegsol-08-strips__pp03-err-rate-0-1.yaml,pegsol-08-strips__pp03-err-rate-0-1,pegsol-08-strips,bfs,10,0,,True,59,674,,0,610,0.0,2.7,6.03,0.0,,equal,,,,1.0,
exp_logs_anu/bfs relax-prec lp1/mprime__pprob34-err-rate-0-5.yaml,mprime__pprob34-err-rate-0-5,mprime,bfs,4,0,,True,592,608,,0,0,0.0,25.79,30.65,0.0,,equal,,,,1.0,
exp_logs_anu/bfs relax-prec lp1/hiking-opt14-strips__pptesting-2-4-3-err-rate-0-3.yaml,hiking-opt14-strips__pptesting-2-4-3-err-rate-0-3,hiking-opt14-strips,bfs,10,0,,True,106,230,,0,0,0.0,1.98,3.74,0.0,,equal,,,,1.0,
exp_logs_anu/bfs relax-prec lp1/grid__pprob01-err-rate-0-3.yaml,grid__pprob01-err-rate-0-3,grid,bfs,14,2,"move,(key ?nextpos),effPos,1
unlock,(lock-shape ?lockpos ?lockpos),precPos,-1",False,29,,,,,,,3.41,,,,,,,1.0,
exp_logs_anu/bfs relax-prec lp1/mprime__pprob21-err-rate-0-5.yaml,mprime__pprob21-err-rate-0-5,mprime,bfs,7,2,"succumb,(fears ?c ?v),precPos,-1
feast,(locale ?n1 ?l2),precPos,-1",False,,,,,,,,,,,,,Subprocess timed out after 900 seconds.,time,1.0,
exp_logs_anu/bfs relax-prec lp1/mprime__pprob22-err-rate-0-3.yaml,mprime__pprob22-err-rate-0-3,mprime,bfs,13,1,"succumb,(orbits ?c ?n),precPos,-1",False,,,,,,,,,,,,,Subprocess timed out after 900 seconds.,time,1.0,
exp_logs_anu/bfs relax-prec lp1/rovers__pp02-err-rate-0-1.yaml,rovers__pp02-err-rate-0-1,rovers,bfs,8,0,,True,21,25,,0,0,0.0,0.59,1.82,0.0,,equal,,,,1.0,
exp_logs_anu/bfs relax-prec lp1/mprime__pprob32-err-rate-0-5.yaml,mprime__pprob32-err-rate-0-5,mprime,bfs,8,1,"feast,(craves ?v ?n2),effPos,1",False,18,,,,,,,1.81,,,,,,,1.0,
exp_logs_anu/bfs relax-prec lp1/mprime__pprob31-err-rate-0-3.yaml,mprime__pprob31-err-rate-0-3,mprime,bfs,5,0,,True,723,751,,0,0,0.0,29.7,35.12,0.0,,equal,,,,1.0,
exp_logs_anu/bfs relax-prec lp1/miconic__ps3-1-err-rate-0-1.yaml,miconic__ps3-1-err-rate-0-1,miconic,bfs,13,0,,True,21,34,,0,0,0.0,0.33,1.55,0.0,,equal,,,,1.0,
exp_logs_anu/bfs relax-prec lp1/mystery__pprob29-err-rate-0-5.yaml,mystery__pprob29-err-rate-0-5,mystery,bfs,4,0,,True,53,58,,0,0,0.0,1.81,3.18,0.0,,equal,,,,1.0,
exp_logs_anu/bfs relax-prec lp1/rovers__pp04-err-rate-0-1.yaml,rovers__pp04-err-rate-0-1,rovers,bfs,8,0,,True,71,74,,0,0,0.0,2.25,3.83,0.0,,equal,,,,1.0,
exp_logs_anu/bfs relax-prec lp1/blocks__pprobBLOCKS-6-1-err-rate-0-3.yaml,blocks__pprobBLOCKS-6-1-err-rate-0-3,blocks,bfs,10,0,,True,279,289,,0,0,0.0,2.82,4.66,0.0,,equal,,,,1.0,
exp_logs_anu/bfs relax-prec lp1/zenotravel__pp08-err-rate-0-1.yaml,zenotravel__pp08-err-rate-0-1,zenotravel,bfs,15,0,,False,,,,,,,,,,,,,Subprocess timed out after 900 seconds.,time,1.0,
exp_logs_anu/bfs relax-prec lp1/mprime__pprob27-err-rate-0-5.yaml,mprime__pprob27-err-rate-0-5,mprime,bfs,5,1,"succumb,(craves ?v ?n),precPos,-1",False,136,,,,,,,6.48,,,,,,,1.0,
exp_logs_anu/bfs relax-prec lp1/mprime__pprob24-err-rate-0-3.yaml,mprime__pprob24-err-rate-0-3,mprime,bfs,13,1,"overcome,(eats ?c ?v),precPos,-1",False,,,,,,,,,,,,,Subprocess timed out after 900 seconds.,time,1.0,
exp_logs_anu/bfs relax-prec lp1/freecell__pprobfreecell-2-5-err-rate-0-1.yaml,freecell__pprobfreecell-2-5-err-rate-0-1,freecell,bfs,9,1,"sendtohome,(clear ?oldcard),effPos,1",False,7,,,,,,,1.43,,,,,,,1.0,
exp_logs_anu/bfs relax-prec lp1/mystery__pprob15-err-rate-0-3.yaml,mystery__pprob15-err-rate-0-3,mystery,bfs,6,1,"succumb,(harmony ?v ?s1),precPos,-1",False,,,,,,,,,,,,,Subprocess timed out after 900 seconds.,time,1.0,
exp_logs_anu/bfs relax-prec lp1/nomystery-opt11-strips__pp13-err-rate-0-1.yaml,nomystery-opt11-strips__pp13-err-rate-0-1,nomystery-opt11-strips,bfs,15,1,"load,(connected ?l ?l),precPos,-1",False,1,,,,,,,1.50,,,,,,,1.0,
exp_logs_anu/bfs relax-prec lp1/pegsol-08-strips__pp05-err-rate-0-1.yaml,pegsol-08-strips__pp05-err-rate-0-1,pegsol-08-strips,bfs,14,1,"jump-continue-move,(in-line ?over ?from ?over),precPos,-1",False,,,,,,,,,,,,,Subprocess timed out after 900 seconds.,time,1.0,
exp_logs_anu/bfs relax-prec lp1/mystery__pprob03-err-rate-0-5.yaml,mystery__pprob03-err-rate-0-5,mystery,bfs,4,2,"overcome,(attacks ?s2 ?s1),precPos,-1
feast,(pleasure ?n2),precPos,-1",False,1,,,,,,,1.18,,,,,,,1.0,
exp_logs_anu/bfs relax-prec lp1/elevators-opt08-strips__pp02-err-rate-0-1.yaml,elevators-opt08-strips__pp02-err-rate-0-1,elevators-opt08-strips,bfs,9,1,"leave,(lift-at ?lift ?f),precPos,-1",True,1939,1940,,0,2,0.0,71.01,82.12,1.0,"board,(passenger-at ?p ?n2),effPos,1",equal,False,,,1.0,
exp_logs_anu/bfs relax-prec lp1/zenotravel__pp03-err-rate-0-1.yaml,zenotravel__pp03-err-rate-0-1,zenotravel,bfs,6,0,,True,168,175,,0,0,0.0,3.11,4.89,0.0,,equal,,,,1.0,
exp_logs_anu/bfs relax-prec lp1/transport-sat08-strips__pp21-err-rate-0-1.yaml,transport-sat08-strips__pp21-err-rate-0-1,transport-sat08-strips,bfs,8,1,"pick-up,(in ?p ?v),effPos,1",True,15,22,,0,11,0.0,0.25,1.76,1.0,"pick-up,(in ?p ?v),effPos,1",equal,True,,,1.0,
exp_logs_anu/bfs relax-prec lp1/miconic__ps1-4-err-rate-0-1.yaml,miconic__ps1-4-err-rate-0-1,miconic,bfs,4,1,"down,(boarded ?f2),precPos,-1",False,3,,,,,,,1.15,,,,,,,1.0,
exp_logs_anu/bfs relax-prec lp1/satellite__pp03-pfile3-err-rate-0-3.yaml,satellite__pp03-pfile3-err-rate-0-3,satellite,bfs,11,2,"switch_on,(power_on ?i),effPos,1
take_image,(have_image ?d ?m),effPos,1",False,,,,,,,,,,,,,Subprocess timed out after 900 seconds.,time,1.0,
exp_logs_anu/bfs relax-prec lp1/hiking-agl14-strips__ptesting-3-4-3-err-rate-0-5.yaml,hiking-agl14-strips__ptesting-3-4-3-err-rate-0-5,hiking-agl14-strips,bfs,13,2,"drive_tent,(at_person ?x1 ?x3),effPos,1
drive_tent,(at_tent ?x5 ?x2),precPos,-1",False,6631,,,,,,,168.49,,,,,,,1.0,
exp_logs_anu/bfs relax-prec lp1/mprime__pprob05-err-rate-0-3.yaml,mprime__pprob05-err-rate-0-3,mprime,bfs,14,0,,False,,,,,,,,,,,,,Subprocess timed out after 900 seconds.,time,1.0,
exp_logs_anu/bfs relax-prec lp1/freecell__pprobfreecell-3-1-err-rate-0-5.yaml,freecell__pprobfreecell-3-1-err-rate-0-5,freecell,bfs,14,1,"sendtohome,(clear ?oldcard),effPos,1",False,37,,,,,,,2.73,,,,,,,1.0,
exp_logs_anu/bfs relax-prec lp1/tpp__pp01-err-rate-0-5.yaml,tpp__pp01-err-rate-0-5,tpp,bfs,5,0,,True,6,6,,0,0,0.0,0.08,1.30,0.0,,equal,,,,1.0,
exp_logs_anu/bfs relax-prec lp1/mprime__pprob10-err-rate-0-3.yaml,mprime__pprob10-err-rate-0-3,mprime,bfs,8,0,,False,,,,,,,,,,,,,Subprocess timed out after 900 seconds.,time,1.0,
exp_logs_anu/bfs relax-prec lp1/tpp__pp02-err-rate-0-3.yaml,tpp__pp02-err-rate-0-3,tpp,bfs,8,1,"buy,(next ?l4 ?l1),effPos,1",True,10,26,,0,34,0.0,0.15,1.45,1.0,"buy,(next ?l4 ?l1),effPos,1",equal,True,,,1.0,
exp_logs_anu/bfs relax-prec lp1/freecell__pprobfreecell-3-2-err-rate-0-3.yaml,freecell__pprobfreecell-3-2-err-rate-0-3,freecell,bfs,13,1,"sendtohome,(colspace ?card),precPos,-1",False,1,,,,,,,1.22,,,,,,,1.0,
exp_logs_anu/bfs relax-prec lp1/nomystery-opt11-strips__pp13-err-rate-0-5.yaml,nomystery-opt11-strips__pp13-err-rate-0-5,nomystery-opt11-strips,bfs,15,1,"drive,(fuelcost ?fuelpre ?l2 ?l2),precPos,-1",False,5,,,,,,,3.15,,,,,,,1.0,
exp_logs_anu/bfs relax-prec lp1/freecell__pprobfreecell-2-5-err-rate-0-5.yaml,freecell__pprobfreecell-2-5-err-rate-0-5,freecell,bfs,9,0,,True,10,14,,0,0,0.0,0.27,1.51,0.0,,equal,,,,1.0,
exp_logs_anu/bfs relax-prec lp1/pegsol-08-strips__pp05-err-rate-0-5.yaml,pegsol-08-strips__pp05-err-rate-0-5,pegsol-08-strips,bfs,14,2,"jump-new-move,(in-line ?over ?over ?to),precPos,-1
jump-new-move,(in-line ?to ?to ?to),effPos,1",False,1,,,,,,,1.24,,,,,,,1.0,
exp_logs_anu/bfs relax-prec lp1/mystery__pprob03-err-rate-0-1.yaml,mystery__pprob03-err-rate-0-1,mystery,bfs,4,0,,True,271,276,,0,0,0.0,9.88,12.27,0.0,,equal,,,,1.0,
exp_logs_anu/bfs relax-prec lp1/miconic__ps3-1-err-rate-0-5.yaml,miconic__ps3-1-err-rate-0-5,miconic,bfs,13,1,"depart,(passenger ?p),precPos,-1",False,59,,,,,,,2.20,,,,,,,1.0,
exp_logs_anu/bfs relax-prec lp1/miconic__ps3-2-err-rate-0-3.yaml,miconic__ps3-2-err-rate-0-3,miconic,bfs,12,0,,True,50,56,,0,0,0.0,0.76,2.02,0.0,,equal,,,,1.0,
exp_logs_anu/bfs relax-prec lp1/mprime__pprob32-err-rate-0-1.yaml,mprime__pprob32-err-rate-0-1,mprime,bfs,8,0,,True,739,751,,0,0,0.0,27.02,31.82,0.0,,equal,,,,1.0,
exp_logs_anu/bfs relax-prec lp1/tetris-opt14-strips__pp02-4-err-rate-0-3.yaml,tetris-opt14-strips__pp02-4-err-rate-0-3,tetris-opt14-strips,bfs,14,0,,True,15,33,,0,3,0.0,0.41,1.68,0.0,,equal,,,,1.0,
exp_logs_anu/bfs relax-prec lp1/rovers__pp04-err-rate-0-5.yaml,rovers__pp04-err-rate-0-5,rovers,bfs,8,3,"sample_rock,(have_rock_analysis ?x ?p),effPos,1
calibrate,(calibrated ?i ?r),effPos,1
communicate_image_data,(have_image ?r ?o ?m),precPos,-1",True,1364,5367,,0,14724,0.0,50.02,77.06,3.0,"take_image,(calibrated ?i ?r),precPos,-1
communicate_rock_data,(have_rock_analysis ?r ?p),precPos,-1
communicate_image_data,(have_image ?r ?o ?m),precPos,-1",equal,False,,,1.0,
exp_logs_anu/bfs relax-prec lp1/mystery__pprob29-err-rate-0-1.yaml,mystery__pprob29-err-rate-0-1,mystery,bfs,4,1,"overcome,(harmony ?s1 ?n),precPos,-1",False,1,,,,,,,1.19,,,,,,,1.0,
exp_logs_anu/bfs relax-prec lp1/mprime__pprob27-err-rate-0-1.yaml,mprime__pprob27-err-rate-0-1,mprime,bfs,5,1,"feast,(locale ?n2 ?n1),precPos,-1",False,10,,,,,,,1.54,,,,,,,1.0,
exp_logs_anu/bfs relax-prec lp1/zenotravel__pp08-err-rate-0-5.yaml,zenotravel__pp08-err-rate-0-5,zenotravel,bfs,15,0,,False,,,,,,,,,,,,,Subprocess timed out after 900 seconds.,time,1.0,
exp_logs_anu/bfs relax-prec lp1/blocks__pprobBLOCKS-5-0-err-rate-0-3.yaml,blocks__pprobBLOCKS-5-0-err-rate-0-3,blocks,bfs,12,2,"unstack,(clear ?x),effPos,1
pick-up,(not (clear ?x)),effNeg,-1",True,16983,26343,,0,85496,0.0,175.17,469.00,3.0,"unstack,(clear ?x),effPos,1
unstack,(clear ?x),precPos,-1
unstack,(holding ?y),effPos,1",longer,False,,,1.0,
exp_logs_anu/bfs relax-prec lp1/hiking-agl14-strips__ptesting-3-4-3-err-rate-0-1.yaml,hiking-agl14-strips__ptesting-3-4-3-err-rate-0-1,hiking-agl14-strips,bfs,13,1,"walk_together,(up ?x1),precPos,-1",True,21053,30589,,0,12006,0.0,456.39,640.49,1.0,"walk_together,(up ?x1),precPos,-1",equal,True,,,1.0,
exp_logs_anu/bfs relax-prec lp1/freecell__pprobfreecell-3-1-err-rate-0-1.yaml,freecell__pprobfreecell-3-1-err-rate-0-1,freecell,bfs,14,0,,True,15,20,,0,0,0.0,0.55,1.84,0.0,,equal,,,,1.0,
exp_logs_anu/bfs relax-prec lp1/tpp__pp01-err-rate-0-1.yaml,tpp__pp01-err-rate-0-1,tpp,bfs,5,0,,True,6,6,,0,0,0.0,0.08,1.25,0.0,,equal,,,,1.0,
exp_logs_anu/bfs relax-prec lp1/zenotravel__pp03-err-rate-0-5.yaml,zenotravel__pp03-err-rate-0-5,zenotravel,bfs,6,2,"fly,(in ?l2 ?a),precPos,-1
board,(next ?c ?a),effPos,1",False,3,,,,,,,1.56,,,,,,,1.0,
exp_logs_anu/bfs relax-prec lp1/visitall-opt11-strips__pproblem04-half-err-rate-0-3.yaml,visitall-opt11-strips__pproblem04-half-err-rate-0-3,visitall-opt11-strips,bfs,11,1,"move,(connected ?nextpos ?nextpos),precPos,-1",False,1,,,,,,,1.19,,,,,,,1.0,
exp_logs_anu/bfs relax-prec lp1/elevators-opt08-strips__pp02-err-rate-0-5.yaml,elevators-opt08-strips__pp02-err-rate-0-5,elevators-opt08-strips,bfs,9,0,,True,82,91,,0,3,0.0,2.73,4.32,0.0,,equal,,,,1.0,
exp_logs_anu/bfs relax-prec lp1/scanalyzer-08-strips__pp22-err-rate-0-3.yaml,scanalyzer-08-strips__pp22-err-rate-0-3,scanalyzer-08-strips,bfs,5,0,,True,6,6,,0,0,0.0,0.1,1.24,0.0,,equal,,,,1.0,
exp_logs_anu/bfs relax-prec lp1/miconic__ps1-4-err-rate-0-5.yaml,miconic__ps1-4-err-rate-0-5,miconic,bfs,4,1,"board,(destin ?p ?p),effPos,1",False,4,,,,,,,1.23,,,,,,,1.0,
exp_logs_anu/bfs relax-prec lp1/transport-sat08-strips__pp21-err-rate-0-5.yaml,transport-sat08-strips__pp21-err-rate-0-5,transport-sat08-strips,bfs,8,2,"drop,(capacity ?v ?s1),precPos,-1
drive,(at ?v ?l2),effPos,1",False,4,,,,,,,1.23,,,,,,,1.0,
